source_page,published_date,title,url
1,2026-08-26,「楽園追放 心のレゾナンス 齋藤将嗣デザインワークス」発売決定記念 『楽園追放』の原点②,https://febri.jp/topics/rakuen-tsuiho-interview-2/
1,2026-08-25,「楽園追放 心のレゾナンス 齋藤将嗣デザインワークス」発売決定記念 『楽園追放』の原点①,https://febri.jp/topics/rakuen-tsuiho-interview-1/
1,2026-07-22,『ぬきたし THE ANIMATION ビジュアルファンブック』発売記念 キャラクターデザイン・くまたが語る制作秘話②,https://febri.jp/topics/nukitashi2/
1,2026-07-22,小出卓史監督に聞く 「さよならララ」の深い話②,https://febri.jp/topics/sayonara_lala_interview_2/
1,2026-07-21,小出卓史監督に聞く 「さよならララ」の深い話①,https://febri.jp/topics/sayonara-lala-interview-1/
1,2026-07-21,『ぬきたし THE ANIMATION ビジュアルファンブック』発売記念 キャラクターデザイン・くまたが語る制作秘話①,https://febri.jp/topics/nukitashi1/
1,2026-07-18,『これ描いて死ね』の原点に迫る！ 原作・とよ田みのる×監督・赤城博昭 対談②,https://febri.jp/topics/korekaite_interview_2/
1,2026-07-04,『これ描いて死ね』の原点に迫る！ 原作・とよ田みのる×監督・赤城博昭 対談①,https://febri.jp/topics/korekaite_interview_1/
1,2026-06-30,『上伊那ぼたん、酔へる姿は百合の花』スタッフリレーインタビュー⑫ メインキャスト座談会（後編）,https://febri.jp/topics/kamiina_botan_12/
1,2026-06-24,『上伊那ぼたん、酔へる姿は百合の花』スタッフリレーインタビュー⑪ メインキャスト座談会（前編）,https://febri.jp/topics/kamiina_botan_11/
1,2026-06-16,『上伊那ぼたん、酔へる姿は百合の花』スタッフリレーインタビュー⑩ 塀（原作）インタビュー,https://febri.jp/topics/kamiina_botan_10/
1,2026-06-09,『上伊那ぼたん、酔へる姿は百合の花』スタッフリレーインタビュー⑨ 橋口佳奈（音楽）インタビュー,https://febri.jp/topics/kamiina_botan_09/
1,2026-06-02,『上伊那ぼたん、酔へる姿は百合の花』スタッフリレーインタビュー⑧ yonige（OP主題歌・第8話挿入歌）インタビュー,https://febri.jp/topics/kamiina_botan_08/
1,2026-05-29,劇場版『名探偵コナン ハイウェイの堕天使』 蓮井隆弘監督インタビュー②,https://febri.jp/topics/conan-movie-2026-04/
1,2026-05-28,劇場版『名探偵コナン ハイウェイの堕天使』 蓮井隆弘監督インタビュー①,https://febri.jp/topics/conan-movie-2026-03/
1,2026-05-27,劇場版『名探偵コナン ハイウェイの堕天使』 脚本：大倉崇裕さんインタビュー②,https://febri.jp/topics/conan-movie-2026-02/
1,2026-05-26,『上伊那ぼたん、酔へる姿は百合の花』スタッフリレーインタビュー⑦ シナリオチーム・米内山陽子×白坂英晃×篠塚智子 座談会（後編）,https://febri.jp/topics/kamiina_botan_07/
1,2026-05-26,劇場版『名探偵コナン ハイウェイの堕天使』 脚本：大倉崇裕さんインタビュー①,https://febri.jp/topics/conan-movie-2026-01/
1,2026-05-19,『上伊那ぼたん、酔へる姿は百合の花』スタッフリレーインタビュー⑥ シナリオチーム・米内山陽子×白坂英晃×篠塚智子 座談会（前編）,https://febri.jp/topics/kamiina_botan_06/
1,2026-05-12,『上伊那ぼたん、酔へる姿は百合の花』スタッフリレーインタビュー⑤ 戸澤俊太郎（副監督、第4話・5話絵コンテ）インタビュー,https://febri.jp/topics/kamiina_botan_05/
1,2026-05-05,『上伊那ぼたん、酔へる姿は百合の花』スタッフリレーインタビュー④ ちな（OPムービー絵コンテ・演出）インタビュー,https://febri.jp/topics/kamiina_botan_04/
1,2026-04-28,『上伊那ぼたん、酔へる姿は百合の花』スタッフリレーインタビュー③ みやち（メインアニメーター、第1話作監）×銀さん（第3話絵コンテ＆作監）対談,https://febri.jp/topics/kamiina_botan_03/
1,2026-04-28,シリーズ構成・高木登に聞いた 『黄泉のツガイ』の魅力と 強烈なオリジナリティ,https://febri.jp/topics/yominotsugai_int/
1,2026-04-21,『上伊那ぼたん、酔へる姿は百合の花』スタッフリレーインタビュー② プロデューサー・村上光×藤田規聖対談（後編）,https://febri.jp/topics/kamiina_botan_02/
1,2026-04-14,『上伊那ぼたん、酔へる姿は百合の花』スタッフリレーインタビュー① プロデューサー・村上光×藤田規聖対談（前編）,https://febri.jp/topics/kamiina_botan_01/
1,2026-04-14,アニメ『桜蘭高校ホスト部』放送20周年記念 豪華スタッフ座談会④,https://febri.jp/topics/ouran-anime4/
1,2026-04-14,「増補版 NO.6 toi8 デザイン＆アートワークス」発売記念 監督・長崎健司が振り返るアニメ『NO.6』の魅力②,https://febri.jp/topics/no-6-anime2/
1,2026-04-13,「増補版 NO.6 toi8 デザイン＆アートワークス」発売記念 監督・長崎健司が振り返るアニメ『NO.6』の魅力①,https://febri.jp/topics/no-6-anime1/
1,2026-04-13,アニメ『桜蘭高校ホスト部』放送20周年記念 豪華スタッフ座談会③,https://febri.jp/topics/ouran-anime3/
1,2026-04-10,アニメ『桜蘭高校ホスト部』放送20周年記念 豪華スタッフ座談会②,https://febri.jp/topics/ouran-anime2/
1,2026-04-09,アニメ『桜蘭高校ホスト部』放送20周年記念 豪華スタッフ座談会①,https://febri.jp/topics/ouran-anime1/
1,2026-03-08,『機動戦士ガンダム 閃光のハサウェイ キルケーの魔女』特集③ 劇場版としての説得力を求めて 監督・村瀬修功インタビュー（後編）,https://febri.jp/topics/gundam_hathaway_chap2_3_3/
1,2026-03-07,『機動戦士ガンダム 閃光のハサウェイ キルケーの魔女』特集③ 劇場版としての説得力を求めて 監督・村瀬修功インタビュー（中編）,https://febri.jp/topics/gundam_hathaway_chap2_3_2/
1,2026-03-06,『機動戦士ガンダム 閃光のハサウェイ キルケーの魔女』特集③ 劇場版としての説得力を求めて 監督・村瀬修功インタビュー（前編）,https://febri.jp/topics/gundam_hathaway_chap2_3_1/
1,2026-02-11,『機動戦士ガンダム 閃光のハサウェイ キルケーの魔女』特集② 鮮明になるふたりの心情 小野賢章×上田麗奈対談 （後編）,https://febri.jp/topics/gundam_hathaway_chap2_2_2/
1,2026-02-10,『機動戦士ガンダム 閃光のハサウェイ キルケーの魔女』特集② 鮮明になるふたりの心情 小野賢章×上田麗奈対談 （前編）,https://febri.jp/topics/gundam_hathaway_chap2_2_1/
1,2026-02-05,『機動戦士ガンダム 閃光のハサウェイ キルケーの魔女』特集① ガンダムシリーズと向き合った挿入歌 SennaRinインタビュー,https://febri.jp/topics/gundam_hathaway_chap2_1/
1,2025-12-24,『その着せ替え人形は恋をする』Season 2 ハイクオリティな映像づくりを支える「制作」スタッフたち③,https://febri.jp/topics/bisquedoll-anime-season2-3/
1,2025-12-23,『その着せ替え人形は恋をする』Season 2 ハイクオリティな映像づくりを支える「制作」スタッフたち②,https://febri.jp/topics/bisquedoll-anime-season2-2/
1,2025-12-22,『その着せ替え人形は恋をする』Season 2 ハイクオリティな映像づくりを支える「制作」スタッフたち①,https://febri.jp/topics/bisquedoll-anime-season2-1/
1,2025-12-12,TVアニメ『光が死んだ夏』 竹下良平監督が語る全12話の制作舞台裏③,https://febri.jp/topics/hikanatsu-anime3/
1,2025-12-12,TVアニメ『光が死んだ夏』 竹下良平監督が語る全12話の制作舞台裏②,https://febri.jp/topics/hikanatsu-anime2/
1,2025-12-12,TVアニメ『光が死んだ夏』 竹下良平監督が語る全12話の制作舞台裏①,https://febri.jp/topics/hikanatsu-anime1/
1,2025-12-02,『ガンダムW』の魅力を現代に伝えるために 監督・岩澤亨が取り組んだ王道の画作り③,https://febri.jp/topics/gundam-w-3/
1,2025-12-01,『ガンダムW』の魅力を現代に伝えるために 監督・岩澤亨が取り組んだ王道の画作り②,https://febri.jp/topics/gundam-w2/
1,2025-11-28,『ガンダムW』の魅力を現代に伝えるために 監督・岩澤亨が取り組んだ王道の画作り①,https://febri.jp/topics/gundam-w1/
1,2025-10-30,劇場版『ゾンビランドサガ ゆめぎんがパラダイス』ファンブック発売決定記念 山田たえ役・三石琴乃インタビュー,https://febri.jp/topics/zlsygp-mitsuishi-kotono-interview/
1,2025-10-29,劇場版『ゾンビランドサガ ゆめぎんがパラダイス』ファンブック発売決定記念 源さくら役・本渡 楓インタビュー,https://febri.jp/topics/zlsygp-hondo-kaede-interview/
1,2025-10-17,「日陰で生きる人間に目を向けたかった」 映画『ホウセンカ』監督・木下麦インタビュー③,https://febri.jp/topics/housenka3/
1,2025-10-16,「日陰で生きる人間に目を向けたかった」 映画『ホウセンカ』監督・木下麦インタビュー②,https://febri.jp/topics/housenka2/
1,2025-10-15,「日陰で生きる人間に目を向けたかった」 映画『ホウセンカ』監督・木下麦インタビュー①,https://febri.jp/topics/housenka1/
1,2025-09-04,伊達さゆりの「手さぐりの旅」特別編 これまでの自分を言葉で紡いだ初作詞曲「プレゼント」,https://febri.jp/topics/series_sayuridate_21_5/
1,2025-09-01,『VOICE Febri Vol.2』発売決定記念 『前橋ウィッチーズ』メンバー座談会,https://febri.jp/topics/maebashi-witches_cast_06/
1,2025-08-31,VOICE Febri Vol.2 プレビュー／月音こな,https://febri.jp/topics/voice_febri_02_preview_kona_tsukine/
1,2025-08-30,VOICE Febri Vol.2 プレビュー／七瀬つむぎ,https://febri.jp/topics/voice_febri_02_preview_tsumugi_nanase/
1,2025-08-29,VOICE Febri Vol.2 プレビュー／ペイトン尚未,https://febri.jp/topics/voice_febri_02_preview_naomi_payton/
1,2025-08-29,イラストレーター館田ダン 画集発売記念インタビュー,https://febri.jp/topics/kandadone/
1,2025-08-28,VOICE Febri Vol.2 プレビュー／来栖りん,https://febri.jp/topics/voice_febri_02_preview_rin_kurusu/
1,2025-07-12,『LUPIN THE IIIRD THE MOVIE 不死身の血族』 小池健監督が貫いたハードボイルドの美学と哲学③,https://febri.jp/topics/lupin-the-3rd-the-movie_3/
1,2025-07-11,『LUPIN THE IIIRD THE MOVIE 不死身の血族』 小池健監督が貫いたハードボイルドの美学と哲学②,https://febri.jp/topics/lupin-the-3rd-the-movie_2/
1,2025-07-10,『LUPIN THE IIIRD THE MOVIE 不死身の血族』 小池健監督が貫いたハードボイルドの美学と哲学①,https://febri.jp/topics/lupin-the-3rd-the-movie_1/
1,2025-06-16,書籍「グリッドマン ユニバース ヒロインイラストアーカイブ」発売記念 トリガースタッフ座談会,https://febri.jp/topics/gmu-ill-archive-staff-crosstalk/
1,2025-05-26,シリーズ歴代No.1スタート‼ 劇場版『名探偵コナン 隻眼の残像』監督・重原克也インタビュー③,https://febri.jp/topics/conan-movie-2025-06/
1,2025-05-23,シリーズ歴代No.1スタート‼ 劇場版『名探偵コナン 隻眼の残像』監督・重原克也インタビュー②,https://febri.jp/topics/conan-movie-2025-05/
1,2025-05-22,シリーズ歴代No.1スタート‼ 劇場版『名探偵コナン 隻眼の残像』監督・重原克也インタビュー①,https://febri.jp/topics/conan-movie-2025-04/
1,2025-05-21,劇場版『名探偵コナン 隻眼の残像（フラッシュバック）』脚本・櫻井武晴インタビュー③,https://febri.jp/topics/conan-movie-2025-03/
1,2025-05-20,【先行公開】書籍「山岡直子 東映アニメーションプリキュアワークス」発売記念！ 山岡直子インタビュー,https://febri.jp/topics/precure_yamaokanaoko/
1,2025-05-20,劇場版『名探偵コナン 隻眼の残像（フラッシュバック）』脚本・櫻井武晴インタビュー②,https://febri.jp/topics/conan-movie-2025-02/
1,2025-05-19,劇場版『名探偵コナン 隻眼の残像（フラッシュバック）』脚本・櫻井武晴インタビュー①,https://febri.jp/topics/conan-movie-2025-01/
1,2025-05-08,「ヒーローになる」ということ 『TO BE HERO X』ナイス／リン・リン役・花江夏樹インタビュー②,https://febri.jp/topics/tobeherox2/
1,2025-05-07,「ヒーローになる」ということ 『TO BE HERO X』ナイス／リン・リン役・花江夏樹インタビュー①,https://febri.jp/topics/tobeherox1/
1,2025-04-18,オリジナルアニメ『前橋ウィッチーズ』リレーインタビュー⑤ 上泉マイ役・百瀬帆南,https://febri.jp/topics/maebashi-witches_cast_05/
1,2025-04-17,オリジナルアニメ『前橋ウィッチーズ』リレーインタビュー④ 三俣チョコ役・三波春香,https://febri.jp/topics/maebashi-witches_cast_04/
1,2025-04-16,オリジナルアニメ『前橋ウィッチーズ』リレーインタビュー③ 北原キョウカ役・本村玲奈,https://febri.jp/topics/maebashi-witches_cast_03/
1,2025-04-15,オリジナルアニメ『前橋ウィッチーズ』リレーインタビュー② 新里アズ役・咲川ひなの,https://febri.jp/topics/maebashi-witches_cast_02/
1,2025-04-14,オリジナルアニメ『前橋ウィッチーズ』リレーインタビュー① 赤城ユイナ役・春日さくら,https://febri.jp/topics/maebashi-witches_cast_01/
1,2025-04-14,カッコ悪さの中に輝く悪の美学 『戦隊大失格』2nd season 戦闘員D役・小林裕介インタビュー②,https://febri.jp/topics/sentai-daishikkaku-cast-interview-2/
1,2025-04-11,カッコ悪さの中に輝く悪の美学 『戦隊大失格』2nd season 戦闘員D役・小林裕介インタビュー①,https://febri.jp/topics/sentai-daishikkaku-cast-interview-1/
1,2025-04-08,OVA「SK∞ エスケーエイト EXTRA PART」 監督・内海紘子×プロデューサー陣によるメインスタッフ座談会③,https://febri.jp/topics/ova-sk8-extra-part-3/
1,2025-04-07,OVA「SK∞ エスケーエイト EXTRA PART」 監督・内海紘子×プロデューサー陣によるメインスタッフ座談会②,https://febri.jp/topics/ova-sk8-extra-part-2/
1,2025-04-04,OVA「SK∞ エスケーエイト EXTRA PART」 監督・内海紘子×プロデューサー陣によるメインスタッフ座談会①,https://febri.jp/topics/ova-sk8-extra-part-1/
1,2025-04-02,監督・柿本広大が振り返る 『BanG Dream! Ave Mujica』制作舞台裏③,https://febri.jp/topics/https-febri-jp-topics-topics-bang-dream_ave_mujica_3/
1,2025-04-01,監督・柿本広大が振り返る 『BanG Dream! Ave Mujica』制作舞台裏②,https://febri.jp/topics/https-febri-jp-topics-topics-bang-dream_ave_mujica_2/
1,2025-03-31,ファンブック発売決定！ 『魔法つかいプリキュア！！～MIRAI DAYS～』 高橋李依✕堀江由衣✕早見沙織✕齋藤彩夏 スペシャル座談会②,https://febri.jp/topics/mahotsukai_precure2_2/
1,2025-03-31,監督・柿本広大が振り返る 『BanG Dream! Ave Mujica』制作舞台裏①,https://febri.jp/topics/https-febri-jp-topics-topics-bang-dream_ave_mujica_1/
1,2025-03-31,ファンブック発売決定！ 『魔法つかいプリキュア！！～MIRAI DAYS～』 高橋李依✕堀江由衣✕早見沙織✕齋藤彩夏 スペシャル座談会①,https://febri.jp/topics/mahotsukai_precure2_1/
1,2025-03-25,書籍「グリッドマン ユニバース ヒロインイラストアーカイブ」発売決定記念 ヒロインキャスト座談会③,https://febri.jp/topics/gridman-heroine-illust-interview-3/
1,2025-03-24,書籍「グリッドマン ユニバース ヒロインイラストアーカイブ」発売決定記念 ヒロインキャスト座談会②,https://febri.jp/topics/gridman-heroine-illust-interview-2/
1,2025-03-21,書籍「グリッドマン ユニバース ヒロインイラストアーカイブ」発売決定記念 ヒロインキャスト座談会①,https://febri.jp/topics/gridman-heroine-illust-interview-1/
1,2025-03-06,TVアニメ『魔法使いの約束』ムル役・仲村水希×シャイロック役・立花慎之介が語る愛憎コンビの魅力②,https://febri.jp/topics/mahoyaku-anime2/
1,2025-02-28,プロデューサーが語る 映画『ヒプノシスマイク -Division Rap Battle-』のこだわりぬいたライブ演出②,https://febri.jp/topics/hypnosismic-movie2/
1,2025-02-27,『アルドノア・ゼロ』 監督 あおきえい×シリーズ構成・脚本 高山カツヒコ 対談,https://febri.jp/topics/aldnoah-zero-cross-talk/
1,2025-02-27,プロデューサーが語る 映画『ヒプノシスマイク -Division Rap Battle-』のこだわりぬいたライブ演出①,https://febri.jp/topics/hypnosismic-movie1/
1,2025-02-21,Thunderbolt Fantasy 東離劍遊紀4 虚淵玄ロングインタビュー⑤,https://febri.jp/topics/thunderbolt-fantasy4-interview-5/
1,2025-02-21,Thunderbolt Fantasy 東離劍遊紀4 虚淵玄ロングインタビュー④,https://febri.jp/topics/thunderbolt-fantasy4-interview-4/
1,2025-02-20,Thunderbolt Fantasy 東離劍遊紀4 虚淵玄による各話解説③,https://febri.jp/topics/thunderbolt-fantasy4-commentary-3/
1,2025-02-20,Thunderbolt Fantasy 東離劍遊紀4 虚淵玄ロングインタビュー③,https://febri.jp/topics/thunderbolt-fantasy4-interview-3/
1,2025-02-19,Thunderbolt Fantasy 東離劍遊紀4 虚淵玄による各話解説②,https://febri.jp/topics/thunderbolt-fantasy4-commentary-2/
1,2025-02-19,Thunderbolt Fantasy 東離劍遊紀4 虚淵玄ロングインタビュー②,https://febri.jp/topics/thunderbolt-fantasy4-interview-2/
1,2025-02-18,Thunderbolt Fantasy 東離劍遊紀4 虚淵玄による各話解説①,https://febri.jp/topics/thunderbolt-fantasy4-commentary-1/
1,2025-02-18,Thunderbolt Fantasy 東離劍遊紀4 虚淵玄ロングインタビュー①,https://febri.jp/topics/thunderbolt-fantasy4-interview-1/
1,2025-02-10,安田現象監督が語る劇場アニメ『メイクアガール』に込めた哲学②,https://febri.jp/topics/make_a_girl2/
1,2025-02-07,安田現象監督が語る劇場アニメ『メイクアガール』に込めた哲学①,https://febri.jp/topics/make_a_girl1/
1,2025-02-04,「オスカルの心を近くに感じた」 劇場アニメ『ベルサイユのばら』沢城みゆきインタビュー②,https://febri.jp/topics/verbara_movie2/
1,2025-02-03,「オスカルの心を近くに感じた」 劇場アニメ『ベルサイユのばら』沢城みゆきインタビュー①,https://febri.jp/topics/verbara_movie1/
1,2025-01-30,TVアニメ『魔法使いの約束』ムル役・仲村水希×シャイロック役・立花慎之介が語る愛憎コンビの魅力①,https://febri.jp/topics/mahoyaku-anime1/
1,2025-01-27,『劇場版 忍たま乱太郎 ドクタケ忍者隊最強の軍師』新山恵美子インタビュー②,https://febri.jp/topics/nintama-movie4/
1,2025-01-24,『劇場版 忍たま乱太郎 ドクタケ忍者隊最強の軍師』キャラクターデザイン新山恵美子インタビュー①,https://febri.jp/topics/nintama-movie3/
1,2025-01-23,『劇場版 忍たま乱太郎 ドクタケ忍者隊最強の軍師』監督・藤森雅也インタビュー②,https://febri.jp/topics/nintama-movie2/
1,2025-01-22,『劇場版 忍たま乱太郎 ドクタケ忍者隊最強の軍師』監督・藤森雅也インタビュー①,https://febri.jp/topics/nintama-movie1/
1,2024-12-30,ペイトン尚未の「並行多元ヒロインズ」第16回 セレブになった世界線の「マッチ売りの少女」（後編）,https://febri.jp/topics/series_naomi_payton_16-03/
1,2024-12-29,ペイトン尚未の「並行多元ヒロインズ」第16回 セレブになった世界線の「マッチ売りの少女」（中編）,https://febri.jp/topics/series_naomi_payton_16-02/
1,2024-12-29,アニメの仕事は富野監督と『∀ガンダム』が教えてくれた 菱田正和インタビュー③,https://febri.jp/topics/turn-a-gundam_25th_01_03/
1,2024-12-28,ペイトン尚未の「並行多元ヒロインズ」第16回 セレブになった世界線の「マッチ売りの少女」（前編）,https://febri.jp/topics/series_naomi_payton_16-01/
1,2024-12-28,アニメの仕事は富野監督と『∀ガンダム』が教えてくれた 菱田正和インタビュー②,https://febri.jp/topics/turn-a-gundam_25th_01_02/
1,2024-12-27,アニメの仕事は富野監督と『∀ガンダム』が教えてくれた 菱田正和インタビュー①,https://febri.jp/topics/turn-a-gundam_25th_01_01/
1,2024-12-19,伊達さゆりの「手さぐりの旅」 第21回 不思議なくらい気持ちに寄り添ってくれる コレサワさんの「泣く門には福きたる」（後編）,https://febri.jp/topics/series_sayuridate_21-3/
1,2024-12-19,『劇場版 忍たま乱太郎 ドクタケ忍者隊最強の軍師』 プロデューサーが語る制作舞台裏,https://febri.jp/topics/nintama-movie/
1,2024-12-18,伊達さゆりの「手さぐりの旅」 第21回 不思議なくらい気持ちに寄り添ってくれる コレサワさんの「泣く門には福きたる」（中編）,https://febri.jp/topics/series_sayuridate_21-2/
1,2024-12-17,伊達さゆりの「手さぐりの旅」 第21回 不思議なくらい気持ちに寄り添ってくれる コレサワさんの「泣く門には福きたる」（前編）,https://febri.jp/topics/series_sayuridate_21-1/
1,2024-11-29,VOICE Febri Vol.1 プレビュー／青木陽菜,https://febri.jp/topics/voice_febri_preview_hina_aoki/
1,2024-11-28,VOICE Febri Vol.1 プレビュー／月音こな,https://febri.jp/topics/voice_febri_preview_kona_tsukine/
1,2024-11-27,VOICE Febri Vol.1 プレビュー／坂倉 花,https://febri.jp/topics/voice_febri_preview_sakura_sakakura/
1,2024-11-26,VOICE Febri Vol.1 プレビュー／Ave Mujica,https://febri.jp/topics/voice_febri_preview_ave_mujica/
1,2024-11-08,アニメ『魔王2099』 日野聡が語る魔王ベルトールの魅力,https://febri.jp/topics/2099-world/
1,2024-11-01,「バディ」の枠に収まらない一葉と滇紅の関係性 『ハイガクラ』滇紅役・石川界人インタビュー②,https://febri.jp/topics/haigakura-anime3/
1,2024-11-01,【個展開催記念】 イラストレーター・LAM×Febri オリジナル企画 太陽に仕える12人の星娘たち（後編）,https://febri.jp/topics/lam_solar-system2/
1,2024-10-31,「バディ」の枠に収まらない一葉と滇紅の関係性 『ハイガクラ』滇紅役・石川界人インタビュー①,https://febri.jp/topics/haigakura-anime2/
1,2024-10-30,語り尽くせない一葉という複雑な存在 『ハイガクラ』一葉役・大塚剛央インタビュー,https://febri.jp/topics/haigakura-anime1/
1,2024-10-30,ペイトン尚未の「並行多元ヒロインズ」第15回 「中二病」――それは誰しもが通る人生の通過儀礼（後編）,https://febri.jp/topics/series_naomi_payton_15-03/
1,2024-10-29,ペイトン尚未の「並行多元ヒロインズ」第15回 「中二病」――それは誰しもが通る人生の通過儀礼（中編）,https://febri.jp/topics/series_naomi_payton_15-02/
1,2024-10-28,ペイトン尚未の「並行多元ヒロインズ」第15回 「中二病」――それは誰しもが通る人生の通過儀礼（前編）,https://febri.jp/topics/series_naomi_payton_15-01/
1,2024-10-17,フィリピンで実写化！ 映画『ボルテスV レガシー』マーク A. レイエス V監督インタビュー,https://febri.jp/topics/voltes-v-legacy-interview/
1,2024-10-04,谷田部透湖が語る 『鬼太郎誕生 ゲゲゲの謎 真生版』のキャラクターデザイン②,https://febri.jp/topics/kitaro-tanjo4/
1,2024-10-04,監督・古賀豪が語る 『鬼太郎誕生 ゲゲゲの謎 真生版』のヒミツ②,https://febri.jp/topics/kitaro-tanjo2/
1,2024-10-03,谷田部透湖が語る 『鬼太郎誕生 ゲゲゲの謎 真生版』のキャラクターデザイン①,https://febri.jp/topics/kitaro-tanjo3/
1,2024-10-03,監督・古賀豪が語る 『鬼太郎誕生 ゲゲゲの謎 真生版』のヒミツ①,https://febri.jp/topics/kitaro-tanjo-1/
1,2024-10-02,シリーズディレクター・酒井和男が振り返る 『ガールズバンドクライ』の画づくり③,https://febri.jp/topics/girls-band-cry_int_02_03/
1,2024-10-01,シリーズディレクター・酒井和男が振り返る 『ガールズバンドクライ』の画づくり②,https://febri.jp/topics/girls-band-cry_int_02_02/
1,2024-09-30,シリーズディレクター・酒井和男が振り返る 『ガールズバンドクライ』の画づくり①,https://febri.jp/topics/girls-band-cry_int_02_01/
1,2024-09-24,伊達さゆりの「手さぐりの旅」 第20回 アイドルの葛藤と輝きに魅せられる 僕が見たかった青空さんの「飛ばなかった紙飛行機」（後編）,https://febri.jp/topics/series_sayuridate_20-3/
1,2024-09-23,伊達さゆりの「手さぐりの旅」 第20回 アイドルの葛藤と輝きに魅せられる 僕が見たかった青空さんの「飛ばなかった紙飛行機」（中編）,https://febri.jp/topics/series_sayuridate_20-2/
1,2024-09-22,伊達さゆりの「手さぐりの旅」 第20回 アイドルの葛藤と輝きに魅せられる 僕が見たかった青空さんの「飛ばなかった紙飛行機」（前編）,https://febri.jp/topics/series_sayuridate_20-1/
1,2024-09-21,北村翔太郎が初監督作で描きたかった 『負けヒロインが多すぎる！』の「空気感」②,https://febri.jp/topics/makeine_int_02/
1,2024-09-20,北村翔太郎が初監督作で描きたかった 『負けヒロインが多すぎる！』の「空気感」①,https://febri.jp/topics/makeine_int_01/
1,2024-09-18,第２期決定！ 監督に聞いたTVアニメ『小市民シリーズ』の演出術②,https://febri.jp/topics/shoshimin-director-interview2/
1,2024-09-18,『グレンダイザーU』 シリーズ構成・脚本 大河内一楼インタビュー②,https://febri.jp/topics/grendizeru-oukouchi-interview-2/
1,2024-09-17,第２期決定！ 監督に聞いたTVアニメ『小市民シリーズ』の演出術①,https://febri.jp/topics/shoshimin-director-interview-1/
1,2024-09-17,『グレンダイザーU』 シリーズ構成・脚本 大河内一楼インタビュー①,https://febri.jp/topics/grendizeru-oukouchi-interview-1/
1,2024-08-31,ペイトン尚未の「並行多元ヒロインズ」第14回 由緒ある古民家で過ごす「日本人形の夏休み」（後編）,https://febri.jp/topics/series_naomi_payton_14-03/
1,2024-08-30,ペイトン尚未の「並行多元ヒロインズ」第14回 由緒ある古民家で過ごす「日本人形の夏休み」（中編）,https://febri.jp/topics/series_naomi_payton_14-02/
1,2024-08-29,ペイトン尚未の「並行多元ヒロインズ」第14回 由緒ある古民家で過ごす「日本人形の夏休み」（前編）,https://febri.jp/topics/series_naomi_payton_14-01/
1,2024-08-28,『ガールズバンドクライ』 シリーズ構成・花田十輝が「バンドもの」で描きたかったこと③,https://febri.jp/topics/girls-band-cry_int_01_03/
1,2024-08-27,『ガールズバンドクライ』 シリーズ構成・花田十輝が「バンドもの」で描きたかったこと②,https://febri.jp/topics/girls-band-cry_int_01_02/
1,2024-08-26,『ガールズバンドクライ』 シリーズ構成・花田十輝が「バンドもの」で描きたかったこと①,https://febri.jp/topics/girls-band-cry_int_01_01/
1,2024-08-20,『ゼーガペインSTA』、その謎と根幹に迫る！ 監督・下田正美インタビュー②,https://febri.jp/topics/zegapain_sta_director_interview_2/
1,2024-08-19,『ゼーガペインSTA』、その謎と根幹に迫る！ 監督・下田正美インタビュー①,https://febri.jp/topics/zegapain_sta_director_interview_1/
1,2024-08-02,師匠に聞け！『機動武闘伝Gガンダム』30周年 マスター・アジア役 秋元羊介インタビュー,https://febri.jp/topics/g-gundam_30th_02/
1,2024-07-31,ペイトン尚未の「並行多元ヒロインズ」第13回 あんまり空に戻る気がなさそうな「なまけものの天使」（後編）,https://febri.jp/topics/series_naomi_payton_13-03/
1,2024-07-30,ペイトン尚未の「並行多元ヒロインズ」第13回 あんまり空に戻る気がなさそうな「なまけものの天使」（中編）,https://febri.jp/topics/series_naomi_payton_13-02/
1,2024-07-29,『劇場版モノノ怪 唐傘』 監督・中村健治が込めた想い②,https://febri.jp/topics/mononoke-karakasa_nakamura_02/
1,2024-07-29,ペイトン尚未の「並行多元ヒロインズ」第13回 あんまり空に戻る気がなさそうな「なまけものの天使」（前編）,https://febri.jp/topics/series_naomi_payton_13-01/
1,2024-07-26,『劇場版モノノ怪 唐傘』 監督・中村健治が込めた想い①,https://febri.jp/topics/mononoke-karakasa_nakamura_01/
1,2024-07-26,『機動武闘伝Gガンダム』 30周年 ドモン・カッシュ役 関 智一インタビュー②,https://febri.jp/topics/g-gundam_30th_01_02/
1,2024-07-26,伊達さゆりの「手さぐりの旅」 第19回 コブクロさんの「Million Films」が 呼び起こす、戻れないあの頃と父の思い出（後編）,https://febri.jp/topics/series_sayuridate_19-3/
1,2024-07-25,伊達さゆりの「手さぐりの旅」 第19回 コブクロさんの「Million Films」が 呼び起こす、戻れないあの頃と父の思い出（中編）,https://febri.jp/topics/series_sayuridate_19-2/
1,2024-07-24,伊達さゆりの「手さぐりの旅」 第19回 コブクロさんの「Million Films」が 呼び起こす、戻れないあの頃と父の思い出（前編）,https://febri.jp/topics/series_sayuridate_19-1/
1,2024-07-19,『機動武闘伝Gガンダム』 30周年 ドモン・カッシュ役 関 智一インタビュー①,https://febri.jp/topics/g-gundam_30th_01_01/
1,2024-07-06,久美子の物語を丁寧に描いた「最終楽章」 『響け！ユーフォニアム３』石原立也監督インタビュー②,https://febri.jp/topics/anime-eupho3_ishiharatatsuya_02/
1,2024-07-04,久美子の物語を丁寧に描いた「最終楽章」 『響け！ユーフォニアム３』石原立也監督インタビュー①,https://febri.jp/topics/anime-eupho3_ishiharatatsuya_01/
1,2024-06-30,伊達さゆりの「手さぐりの旅」 第18回 生まれる前の時代の空気が詰まった JUDY AND MARYさんの「クラシック」（後編）,https://febri.jp/topics/series_sayuridate_18-3/
1,2024-06-29,伊達さゆりの「手さぐりの旅」 第18回 生まれる前の時代の空気が詰まった JUDY AND MARYさんの「クラシック」（中編）,https://febri.jp/topics/series_sayuridate_18-2/
1,2024-06-28,伊達さゆりの「手さぐりの旅」 第18回 生まれる前の時代の空気が詰まった JUDY AND MARYさんの「クラシック」（前編）,https://febri.jp/topics/series_sayuridate_18-1/
1,2024-06-26,『響け！ユーフォニアム３』 黒沢ともよに聞いた久美子の3年間②,https://febri.jp/topics/anime-eupho3_kurosawatomoyo_02/
1,2024-06-25,『響け！ユーフォニアム３』 黒沢ともよに聞いた久美子の3年間①,https://febri.jp/topics/anime-eupho3_kurosawatomoyo_01/
1,2024-06-23,ペイトン尚未の「並行多元ヒロインズ」第12回 俺のお気に入りの和カフェでギャル店員が働き始めた（後編）,https://febri.jp/topics/series_naomi_payton_12-03/
1,2024-06-22,ペイトン尚未の「並行多元ヒロインズ」第12回 俺のお気に入りの和カフェでギャル店員が働き始めた（中編）,https://febri.jp/topics/series_naomi_payton_12-02/
1,2024-06-21,ペイトン尚未の「並行多元ヒロインズ」第12回 俺のお気に入りの和カフェでギャル店員が働き始めた（前編）,https://febri.jp/topics/series_naomi_payton_12-01/
1,2024-06-21,ずっと変わらない幼なじみコンビ 『大室家』大室櫻子役・加藤英美里＆古谷向日葵役・三森すずこインタビュー③,https://febri.jp/topics/ohmuroke_taidan_2-3/
1,2024-06-20,ずっと変わらない幼なじみコンビ 『大室家』大室櫻子役・加藤英美里＆古谷向日葵役・三森すずこインタビュー②,https://febri.jp/topics/ohmuroke_taidan_2-2/
1,2024-06-19,ずっと変わらない幼なじみコンビ 『大室家』大室櫻子役・加藤英美里＆古谷向日葵役・三森すずこインタビュー①,https://febri.jp/topics/ohmuroke_taidan_2-1/
1,2024-06-06,メインキャストが振り返る 『最遊記歌劇伝ー外伝ー』③,https://febri.jp/topics/saiyukikagekiden_stage_03/
1,2024-06-05,メインキャストが振り返る 『最遊記歌劇伝ー外伝ー』②,https://febri.jp/topics/saiyukikagekiden_stage_02/
1,2024-06-04,メインキャストが振り返る 『最遊記歌劇伝ー外伝ー』①,https://febri.jp/topics/saiyukikagekiden_stage_01/
1,2024-06-03,ペイトン尚未の「並行多元ヒロインズ」第11回 ファンタジー性に心惹かれる「吸血鬼ヒロイン」（後編）,https://febri.jp/topics/series_naomi_payton_11-03/
1,2024-06-01,ペイトン尚未の「並行多元ヒロインズ」第11回 ファンタジー性に心惹かれる「吸血鬼ヒロイン」（中編）,https://febri.jp/topics/series_naomi_payton_11-02/
1,2024-05-30,ミュージカル『テニスの王子様』4thシーズン 越前リョーマ役 今牧輝琉×手塚国光役 山田健登 対談③,https://febri.jp/topics/tennimu_4th_dreamlive_imamaki-yamada_03/
1,2024-05-30,ペイトン尚未の「並行多元ヒロインズ」第11回 ファンタジー性に心惹かれる「吸血鬼ヒロイン」（前編）,https://febri.jp/topics/series_naomi_payton_11-01/
1,2024-05-29,ミュージカル『テニスの王子様』4thシーズン 越前リョーマ役 今牧輝琉×手塚国光役 山田健登 対談②,https://febri.jp/topics/tennimu_4th_dreamlive_imamaki-yamada_02/
1,2024-05-29,山本裕介監督が振り返る 『SYNDUALITY Noir』完結までの道のり③,https://febri.jp/topics/synduality-noir_3_3/
1,2024-05-28,ミュージカル『テニスの王子様』4thシーズン 越前リョーマ役 今牧輝琉×手塚国光役 山田健登 対談①,https://febri.jp/topics/tennimu_4th_dreamlive_imamaki-yamada_01/
1,2024-05-28,山本裕介監督が振り返る 『SYNDUALITY Noir』完結までの道のり②,https://febri.jp/topics/synduality-noir_3_2/
1,2024-05-27,山本裕介監督が振り返る 『SYNDUALITY Noir』完結までの道のり①,https://febri.jp/topics/synduality-noir_3_1/
1,2024-05-25,劇場版『名探偵コナン 100万ドルの五稜星（みちしるべ）』 脚本・大倉崇裕インタビュー②,https://febri.jp/topics/conan-movie_2024_02-02/
1,2024-05-24,ミュージカル『テニスの王子様』4thシーズン 青学（せいがく）3年生座談会③,https://febri.jp/topics/tennimu_4th_dreamlive_seigaku-3nen_03/
1,2024-05-24,劇場版『名探偵コナン 100万ドルの五稜星（みちしるべ）』 脚本・大倉崇裕インタビュー①,https://febri.jp/topics/conan-movie_2024_02-01/
1,2024-05-24,伊達さゆりの「手さぐりの旅」 第17回 SEKAI NO OWARIさんの「yume」を聞くたびに思い出す、先生の言葉（後編）,https://febri.jp/topics/series_sayuridate_17-3/
1,2024-05-23,ミュージカル『テニスの王子様』4thシーズン 青学（せいがく）3年生座談会②,https://febri.jp/topics/tennimu_4th_dreamlive_seigaku-3nen_02/
1,2024-05-23,伊達さゆりの「手さぐりの旅」 第17回 SEKAI NO OWARIさんの「yume」を聞くたびに思い出す、先生の言葉（中編）,https://febri.jp/topics/series_sayuridate_17-2/
1,2024-05-22,ミュージカル『テニスの王子様』4thシーズン 青学（せいがく）3年生座談会①,https://febri.jp/topics/tennimu_4th_dreamlive_seigaku-3nen_01/
2,2024-05-22,伊達さゆりの「手さぐりの旅」 第17回 SEKAI NO OWARIさんの「yume」を聞くたびに思い出す、先生の言葉（前編）,https://febri.jp/topics/series_sayuridate_17-1/
2,2024-05-21,劇場版『名探偵コナン 100万ドルの五稜星』 監督・永岡智佳インタビュー②,https://febri.jp/topics/conan-movie_2024_01-02/
2,2024-05-20,劇場版『名探偵コナン 100万ドルの五稜星』 監督・永岡智佳インタビュー①,https://febri.jp/topics/conan-movie_2024_01-01/
2,2024-05-17,祝・放送十襲年！ 今石洋之と中島かずきが振り返る TVアニメ『キルラキル』③,https://febri.jp/topics/kill-la-kill_10-year-anniversary_03/
2,2024-05-16,祝・放送十襲年！ 今石洋之と中島かずきが振り返る TVアニメ『キルラキル』②,https://febri.jp/topics/kill-la-kill_10-year-anniversary_02/
2,2024-05-15,祝・放送十襲年！ 今石洋之と中島かずきが振り返る TVアニメ『キルラキル』①,https://febri.jp/topics/kill-la-kill_10-year-anniversary_01/
2,2024-05-13,池頼広に聞いた TVアニメ『戦隊大失格』の音楽づくり,https://febri.jp/topics/sentai-daishikkaku-ike/
2,2024-05-10,『 響け！ユーフォニアム３』 戸松遥に聞いた黒江真由との向き合いかた②,https://febri.jp/topics/anime-eupho3_tomatsuharuka_02/
2,2024-05-09,『 響け！ユーフォニアム３』 戸松遥に聞いた黒江真由との向き合いかた①,https://febri.jp/topics/anime-eupho3_tomatsuharuka_01/
2,2024-05-03,アニメ『黒執事 -寄宿学校編-』 小野大輔が語る「変わったものと変わらないもの」②,https://febri.jp/topics/anime-kuroshitsuji_onodaisuke_02/
2,2024-05-02,さとうけいいち監督に聞いた TVアニメ『戦隊大失格』ができるまで②,https://febri.jp/topics/sentai-daishikkaku_02/
2,2024-05-02,アニメ『黒執事 -寄宿学校編-』 小野大輔が語る「変わったものと変わらないもの」①,https://febri.jp/topics/anime-kuroshitsuji_onodaisuke_01/
2,2024-05-01,『ささやくように恋を唄う』 嶋野花×瀬戸麻沙美に聞いたひまりと依の心の変化②,https://febri.jp/topics/anime_sasakoi_02/
2,2024-05-01,さとうけいいち監督に聞いた TVアニメ『戦隊大失格』ができるまで①,https://febri.jp/topics/anime_sentai-daishikkaku_01/
2,2024-04-30,『ささやくように恋を唄う』 嶋野花×瀬戸麻沙美に聞いたひまりと依の心の変化①,https://febri.jp/topics/anime_sasakoi_01/
2,2024-04-28,ペイトン尚未の「並行多元ヒロインズ」第10回 物語の始まりは「上京ヒロイン」とともに（後編）,https://febri.jp/topics/series_naomi_payton_10-03/
2,2024-04-27,ペイトン尚未の「並行多元ヒロインズ」第10回 物語の始まりは「上京ヒロイン」とともに（中編）,https://febri.jp/topics/series_naomi_payton_10-02/
2,2024-04-26,自分の好きを見つける物語 『夜のクラゲは泳げない』竹下良平監督インタビュー②,https://febri.jp/topics/yorukura-takeshita_02/
2,2024-04-26,ペイトン尚未の「並行多元ヒロインズ」第10回 物語の始まりは「上京ヒロイン」とともに（前編）,https://febri.jp/topics/series_naomi_payton_10-01/
2,2024-04-25,自分の好きを見つける物語 『夜のクラゲは泳げない』竹下良平監督インタビュー①,https://febri.jp/topics/yorukura-takeshita_01/
2,2024-04-18,伊達さゆりの「手さぐりの旅」 第16回 「音」に意識を向けるきっかけをくれた girl next doorさんの「Infinity」（後編）,https://febri.jp/topics/series_sayuridate_16-3/
2,2024-04-17,伊達さゆりの「手さぐりの旅」 第16回 「音」に意識を向けるきっかけをくれた girl next doorさんの「Infinity」（中編）,https://febri.jp/topics/series_sayuridate_16-2/
2,2024-04-16,伊達さゆりの「手さぐりの旅」 第16回 「音」に意識を向けるきっかけをくれた girl next doorさんの「Infinity」（前編）,https://febri.jp/topics/series_sayuridate_16-1/
2,2024-04-12,塚原重義監督が語る 『クラメルカガリ』『クラユカバ』制作秘話②,https://febri.jp/topics/kurayukaba-kurayukaba_tsukaharashigeyoshi_02/
2,2024-04-11,塚原重義監督が語る 『クラメルカガリ』『クラユカバ』制作秘話①,https://febri.jp/topics/kurayukaba-kurayukaba_tsukaharashigeyoshi_01/
2,2024-04-11,第2回新潟国際アニメーション映画祭「機動戦士ガンダム 逆襲のシャア」上映記念 富野由悠季×出渕裕 特別対談（後編）,https://febri.jp/topics/niaff-tomino-izubuchi-taidan-2/
2,2024-04-10,第2回新潟国際アニメーション映画祭「機動戦⼠ガンダム 逆襲のシャア」上映記念 富野由悠季×出渕裕 特別対談（前編）,https://febri.jp/topics/niaff-tomino-izubuchi-taidan-1/
2,2024-04-01,榎戸駿に聞いた 『マッシュル-MASHLE- 神覚者候補選抜試験編』OP映像メイキング BBBBダンスができるまで③,https://febri.jp/topics/mashle_2_op_making_3/
2,2024-03-31,榎戸駿に聞いた 『マッシュル-MASHLE- 神覚者候補選抜試験編』OP映像メイキング BBBBダンスができるまで②,https://febri.jp/topics/mashle_2_op_making_2/
2,2024-03-30,榎戸駿に聞いた 『マッシュル-MASHLE- 神覚者候補選抜試験編』OP映像メイキング BBBBダンスができるまで①,https://febri.jp/topics/mashle_2_op_making_1/
2,2024-03-16,ペイトン尚未の「並行多元ヒロインズ」第9回 好きと憧れが詰まった「ピンク髪の女の子」（後編）,https://febri.jp/topics/series_naomi_payton_09-03/
2,2024-03-15,ペイトン尚未の「並行多元ヒロインズ」第9回 好きと憧れが詰まった「ピンク髪の女の子」（中編）,https://febri.jp/topics/series_naomi_payton_09-02/
2,2024-03-14,ヒロイン本発売決定！ 『ぽんのみち』キャストリレーインタビュー⑤ 十返舎なしこ役・前田佳織里,https://febri.jp/topics/pon-no-michi-cast-interview-5/
2,2024-03-14,ペイトン尚未の「並行多元ヒロインズ」第9回 好きと憧れが詰まった「ピンク髪の女の子」（前編）,https://febri.jp/topics/series_naomi_payton_09-01/
2,2024-03-12,ヒロイン本発売決定！ 『ぽんのみち』キャストリレーインタビュー④ 江見 跳役・山村 響,https://febri.jp/topics/pon-no-michi-cast-interview-4/
2,2024-03-08,ヒロイン本発売決定！ 『ぽんのみち』キャストリレーインタビュー③ 林リーチェ役・近藤 唯,https://febri.jp/topics/pon-no-michi-cast-interview-3/
2,2024-03-06,ヒロイン本発売決定！ 『ぽんのみち』キャストリレーインタビュー② 徳富 泉役・若山詩音,https://febri.jp/topics/pon-no-michi-cast-interview-2/
2,2024-03-04,ヒロイン本発売決定！ 『ぽんのみち』キャストリレーインタビュー① 河東ぱい役・佐伯伊織,https://febri.jp/topics/pon-no-michi-cast-interview-1/
2,2024-03-02,伊達さゆりの「手さぐりの旅」 第15回 halcaさんの 「HORiZON」がつないでくれた、ステージの向こうの景色（後編）,https://febri.jp/topics/series_sayuridate_15-3/
2,2024-03-01,伊達さゆりの「手さぐりの旅」 第15回 halcaさんの 「HORiZON」がつないでくれた、ステージの向こうの景色（中編）,https://febri.jp/topics/series_sayuridate_15-2/
2,2024-02-29,伊達さゆりの「手さぐりの旅」 第15回 halcaさんの 「HORiZON」がつないでくれた、ステージの向こうの景色（前編）,https://febri.jp/topics/series_sayuridate_15-1/
2,2024-02-21,ペイトン尚未の「並行多元ヒロインズ」第8回 甘くてかわいいスイーツの誘惑（後編）,https://febri.jp/topics/series_naomi_payton_08-03/
2,2024-02-20,ペイトン尚未の「並行多元ヒロインズ」第8回 甘くてかわいいスイーツの誘惑（中編）,https://febri.jp/topics/series_naomi_payton_08-02/
2,2024-02-19,ペイトン尚未の「並行多元ヒロインズ」第8回 甘くてかわいいスイーツの誘惑（前編）,https://febri.jp/topics/series_naomi_payton_08-01/
2,2024-02-11,『大室家』ならではの空気感を目指した 『大室家 dear sisters』 監督、コンテ・龍輪直征＆シリーズ構成、脚本・横谷昌宏対談③,https://febri.jp/topics/ohmuroke_taidan_3/
2,2024-02-10,『大室家』ならではの空気感を目指した 『大室家 dear sisters』 監督、コンテ・龍輪直征＆シリーズ構成、脚本・横谷昌宏対談②,https://febri.jp/topics/ohmuroke_taidan_2-2-2/
2,2024-02-09,『大室家』ならではの空気感を目指した 『大室家 dear sisters』 監督、コンテ・龍輪直征＆シリーズ構成、脚本・横谷昌宏対談①,https://febri.jp/topics/ohmuroke_taidan_1/
2,2024-02-06,『30歳まで童貞だと魔法使いになれるらしい』 小林千晃に聞いたアニメ版・安達の演じかた②,https://febri.jp/topics/cherimaho_02/
2,2024-02-05,『30歳まで童貞だと魔法使いになれるらしい』 小林千晃に聞いたアニメ版・安達の演じかた①,https://febri.jp/topics/cherimaho_01/
2,2024-01-31,出渕裕に聞いた 『メタリックルージュ』ができるまで③,https://febri.jp/topics/metallicrouge_int_3/
2,2024-01-30,出渕裕に聞いた 『メタリックルージュ』ができるまで②,https://febri.jp/topics/metallicrouge_int_2/
2,2024-01-29,出渕裕に聞いた 『メタリックルージュ』ができるまで①,https://febri.jp/topics/metallicrouge_int_1/
2,2024-01-26,日常×麻雀アニメ 『ぽんのみち』誕生秘話をプロデューサーが語る！,https://febri.jp/topics/pon-no-michi-producer-interview/
2,2024-01-26,ペイトン尚未の「並行多元ヒロインズ」第7回 正義の味方よりも興味をかきたてられる「悪のヒロイン」（後編）,https://febri.jp/topics/series_naomi_payton_07-03/
2,2024-01-25,ペイトン尚未の「並行多元ヒロインズ」第7回 正義の味方よりも興味をかきたてられる「悪のヒロイン」（中編）,https://febri.jp/topics/series_naomi_payton_07-02/
2,2024-01-24,ペイトン尚未の「並行多元ヒロインズ」第7回 正義の味方よりも興味をかきたてられる「悪のヒロイン」（前編）,https://febri.jp/topics/series_naomi_payton_07-01/
2,2024-01-19,伊達さゆりの「手さぐりの旅」 第14回 言いたくても言えない気持ちを代弁してくれた 杏沙子さんの「着ぐるみ」（後編）,https://febri.jp/topics/series_sayuridate_14-3/
2,2024-01-18,伊達さゆりの「手さぐりの旅」 第14回 言いたくても言えない気持ちを代弁してくれた 杏沙子さんの「着ぐるみ」（中編）,https://febri.jp/topics/series_sayuridate_14-2/
2,2024-01-17,伊達さゆりの「手さぐりの旅」 第14回 言いたくても言えない気持ちを代弁してくれた 杏沙子さんの「着ぐるみ」（前編）,https://febri.jp/topics/series_sayuridate_14-1/
2,2024-01-10,TVアニメ『スナックバス江』リレーインタビュー⑥ 森田役・岩崎諒太,https://febri.jp/topics/snackbasue_cast_06/
2,2024-01-09,TVアニメ『スナックバス江』リレーインタビュー⑤ タツ兄役・落合福嗣＆監督・芦名みのる,https://febri.jp/topics/snackbasue_cast_05/
2,2024-01-08,TVアニメ『スナックバス江』リレーインタビュー ④ 山田役・阿座上洋平,https://febri.jp/topics/snackbasue_cast_04/
2,2024-01-06,第2期スタート直前！ メインキャスト陣が語る『マッシュル-MASHLE-』の舞台裏（後編）,https://febri.jp/topics/mashle_cast_zadankai_02/
2,2024-01-05,第2期スタート直前！ メインキャスト陣が語る『マッシュル-MASHLE-』の舞台裏（前編）,https://febri.jp/topics/mashle_cast_zadankai_01/
2,2024-01-05,TVアニメ『スナックバス江』リレーインタビュー③ 小雨役・宮本侑芽,https://febri.jp/topics/snackbasue_cast_03/
2,2024-01-04,TVアニメ『スナックバス江』リレーインタビュー② バス江ママ役・斉藤貴美子,https://febri.jp/topics/snackbasue_cast_02/
2,2024-01-02,TVアニメ『スナックバス江』リレーインタビュー① 明美役・高橋李依,https://febri.jp/topics/snackbasue_cast_01/
2,2023-12-31,TVアニメ『ウマ娘 プリティーダービー Season 3』リレーインタビュー⑥ キタサンブラック役・矢野妃菜喜（後編）,https://febri.jp/topics/umamusume_season3_6_2/
2,2023-12-30,TVアニメ『ウマ娘 プリティーダービー Season 3』リレーインタビュー⑥ キタサンブラック役・矢野妃菜喜（前編）,https://febri.jp/topics/umamusume_season3_6_1/
2,2023-12-25,ペイトン尚未の「並行多元ヒロインズ」第6回 ビンテージマンションで考えたケモミミっ娘の気持ち（後編）,https://febri.jp/topics/series_naomi_payton_06-03/
2,2023-12-24,TVアニメ『ウマ娘 プリティーダービー Season 3』リレーインタビュー⑤ シュヴァルグラン役・夏吉ゆうこ（後編）,https://febri.jp/topics/umamusume_season3_5_2/
2,2023-12-24,ペイトン尚未の「並行多元ヒロインズ」第6回 ビンテージマンションで考えたケモミミっ娘の気持ち（中編）,https://febri.jp/topics/series_naomi_payton_06-02/
2,2023-12-24,あふれる原作愛を作品に昇華！ TVアニメ『ダンジョン飯』監督・宮島善博インタビュー③,https://febri.jp/topics/delicious-in-dungeon_03/
2,2023-12-23,TVアニメ『ウマ娘 プリティーダービー Season 3』リレーインタビュー⑤ シュヴァルグラン役・夏吉ゆうこ（前編）,https://febri.jp/topics/umamusume_season3_5_1/
2,2023-12-23,ペイトン尚未の「並行多元ヒロインズ」第6回 ビンテージマンションで考えたケモミミっ娘の気持ち（前編）,https://febri.jp/topics/series_naomi_payton_06-01/
2,2023-12-23,伊達さゆりの「手さぐりの旅」 第13回 健気なかわいらしさが心をとらえた MINT mate boxさんの「君のことで悩みたい」（後編）,https://febri.jp/topics/series_sayuridate_13-3/
2,2023-12-23,あふれる原作愛を作品に昇華！ TVアニメ『ダンジョン飯』監督・宮島善博インタビュー②,https://febri.jp/topics/delicious-in-dungeon_02/
2,2023-12-22,伊達さゆりの「手さぐりの旅」 第13回 健気なかわいらしさが心をとらえた MINT mate boxさんの「君のことで悩みたい」（中編）,https://febri.jp/topics/series_sayuridate_13-2/
2,2023-12-22,あふれる原作愛を作品に昇華！ TVアニメ『ダンジョン飯』監督・宮島善博インタビュー①,https://febri.jp/topics/delicious-in-dungeon_01/
2,2023-12-21,伊達さゆりの「手さぐりの旅」 第13回 健気なかわいらしさが心をとらえた MINT mate boxさんの「君のことで悩みたい」（前編）,https://febri.jp/topics/series_sayuridate_13-1/
2,2023-12-17,自分と違う存在に対する思いやりと寛容さ 監督が映画『窓ぎわのトットちゃん』に込めた思い③,https://febri.jp/topics/tottochan-movie_03/
2,2023-12-16,自分と違う存在に対する思いやりと寛容さ 監督が映画『窓ぎわのトットちゃん』に込めた思い②,https://febri.jp/topics/tottochan-movie_02/
2,2023-12-15,自分と違う存在に対する思いやりと寛容さ 監督が映画『窓ぎわのトットちゃん』に込めた思い①,https://febri.jp/topics/tottochan-movie_01/
2,2023-12-14,劇場版の前に読みたい！ 吉野弘幸と振り返る『機動戦士ガンダムSEED』の熱狂③,https://febri.jp/topics/g-seed_yoshino_hiroyuki_03/
2,2023-12-13,劇場版の前に読みたい！ 吉野弘幸と振り返る『機動戦士ガンダムSEED』の熱狂②,https://febri.jp/topics/g-seed_yoshino_hiroyuki_02/
2,2023-12-12,劇場版の前に読みたい！ 吉野弘幸と振り返る『機動戦士ガンダムSEED』の熱狂①,https://febri.jp/topics/g-seed_yoshino_hiroyuki_01/
2,2023-12-10,TVアニメ『ウマ娘 プリティーダービー Season 3』リレーインタビュー④ サトノクラウン役・鈴代紗弓（後編）,https://febri.jp/topics/umamusume_season3_4_2/
2,2023-12-09,TVアニメ『ウマ娘 プリティーダービー Season 3』リレーインタビュー④ サトノクラウン役・鈴代紗弓（前編）,https://febri.jp/topics/umamusume_season3_4_1/
2,2023-11-24,監督が語る 劇場版『攻殻機動隊SAC_2045 最後の人間』の制作秘話（後編）,https://febri.jp/topics/ghostintheshell-sac2045_movie_michihito-fujii_02/
2,2023-11-23,ペイトン尚未の「並行多元ヒロインズ」第5回 「文学少女」の姿とともに思い出す読書と創作の記憶（後編）,https://febri.jp/topics/series_naomi_payton_05-03/
2,2023-11-23,監督が語る 劇場版『攻殻機動隊SAC_2045 最後の人間』の制作秘話（前編）,https://febri.jp/topics/ghostintheshell-sac2045_movie_michihito-fujii_01/
2,2023-11-22,ペイトン尚未の「並行多元ヒロインズ」第5回 「文学少女」の姿とともに思い出す読書と創作の記憶（中編）,https://febri.jp/topics/series_naomi_payton_05-02/
2,2023-11-21,ペイトン尚未の「並行多元ヒロインズ」第5回 「文学少女」の姿とともに思い出す読書と創作の記憶（前編）,https://febri.jp/topics/series_naomi_payton_05-01/
2,2023-11-15,伊達さゆりの「手さぐりの旅」 第12回 日向坂46さんの「青春の馬」から受け取った まっすぐなメッセージ（後編）,https://febri.jp/topics/series_sayuridate_12-3/
2,2023-11-14,伊達さゆりの「手さぐりの旅」 第12回 日向坂46さんの「青春の馬」から受け取った まっすぐなメッセージ（中編）,https://febri.jp/topics/series_sayuridate_12-2/
2,2023-11-13,伊達さゆりの「手さぐりの旅」 第12回 日向坂46さんの「青春の馬」から受け取った まっすぐなメッセージ（前編）,https://febri.jp/topics/series_sayuridate_12-1/
2,2023-11-12,TVアニメ『ウマ娘 プリティーダービー Season 3』リレーインタビュー③ サトノダイヤモンド役・立花日菜（後編）,https://febri.jp/topics/umamusume_season3_3_2/
2,2023-11-11,TVアニメ『ウマ娘 プリティーダービー Season 3』リレーインタビュー③ サトノダイヤモンド役・立花日菜（前編）,https://febri.jp/topics/umamusume_season3_3_1/
2,2023-11-02,『鴨乃橋ロンの禁断推理』 阿座上洋平に聞いたロンとトトの絆②,https://febri.jp/topics/kamonohashiron-azakami_02/
2,2023-11-01,『鴨乃橋ロンの禁断推理』 阿座上洋平に聞いたロンとトトの絆①,https://febri.jp/topics/kamonohashiron-azakami_01/
2,2023-11-01,自身の苦悩とエゴに向き合い、たどり着いた「心情」の物語 『BanG Dream! It's MyGO!!!!!』 シリーズ構成・綾奈ゆにこインタビュー③,https://febri.jp/topics/topics-bang-dream_mygo_6_3/
2,2023-10-31,自身の苦悩とエゴに向き合い、たどり着いた「心情」の物語 『BanG Dream! It's MyGO!!!!!』 シリーズ構成・綾奈ゆにこインタビュー②,https://febri.jp/topics/topics-bang-dream_mygo_6_2/
2,2023-10-30,イラストレーター・LAM×Febri オリジナル企画 太陽に仕える12人の星娘たち,https://febri.jp/topics/lam_solar-system/
2,2023-10-30,レイ役・芹澤優とミシャ役・愛美の『私の推しは悪役令嬢。』推しキャラトーク②,https://febri.jp/topics/wataoshi_2/
2,2023-10-30,自身の苦悩とエゴに向き合い、たどり着いた「心情」の物語 『BanG Dream! It's MyGO!!!!!』 シリーズ構成・綾奈ゆにこインタビュー①,https://febri.jp/topics/topics-bang-dream_mygo_6_1/
2,2023-10-29,レイ役・芹澤 優とミシャ役・愛美の『私の推しは悪役令嬢。』推しキャラトーク①,https://febri.jp/topics/wataoshi_1/
2,2023-10-26,長沼範裕監督に聞いた 『薬屋のひとりごと』が出来上がるまで②,https://febri.jp/topics/kusuriyanohitorigoto_02/
2,2023-10-26,ペイトン尚未の「並行多元ヒロインズ」第4回 個性とギャップがかわいい「ボクっ娘」の世界（後編）,https://febri.jp/topics/series_naomi_payton_04-03/
2,2023-10-25,長沼範裕監督に聞いた 『薬屋のひとりごと』が出来上がるまで①,https://febri.jp/topics/kusuriyanohitorigoto_01/
2,2023-10-25,ペイトン尚未の「並行多元ヒロインズ」第4回 個性とギャップがかわいい「ボクっ娘」の世界（中編）,https://febri.jp/topics/series_naomi_payton_04-02/
2,2023-10-24,ペイトン尚未の「並行多元ヒロインズ」第4回 個性とギャップがかわいい「ボクっ娘」の世界（前編）,https://febri.jp/topics/series_naomi_payton_04-01/
2,2023-10-22,TVアニメ『ウマ娘 プリティーダービー Season 3』リレーインタビュー② ゴールドシップ役・上田瞳（後編）,https://febri.jp/topics/umamusume_season3_2_2/
2,2023-10-21,TVアニメ『ウマ娘 プリティーダービー Season 3』リレーインタビュー② ゴールドシップ役・上田瞳（前編）,https://febri.jp/topics/umamusume_season3_2_1/
2,2023-10-12,伊達さゆりの「手さぐりの旅」 第11回 歌声が自分を奮い立たせてくれる 緑黄色社会さんの「あのころ見た光」（後編）,https://febri.jp/topics/series_sayuridate_11-3/
2,2023-10-11,伊達さゆりの「手さぐりの旅」 第11回 歌声が自分を奮い立たせてくれる 緑黄色社会さんの「あのころ見た光」（中編）,https://febri.jp/topics/series_sayuridate_11-2/
2,2023-10-10,伊達さゆりの「手さぐりの旅」 第11回 歌声が自分を奮い立たせてくれる 緑黄色社会さんの「あのころ見た光」（前編）,https://febri.jp/topics/series_sayuridate_11-1/
2,2023-10-08,TVアニメ『ウマ娘 プリティーダービー Season 3』リレーインタビュー① ドゥラメンテ役・秋奈（後編）,https://febri.jp/topics/umamusume_season3_1_2/
2,2023-10-07,TVアニメ『ウマ娘 プリティーダービー Season 3』リレーインタビュー① ドゥラメンテ役・秋奈（前編）,https://febri.jp/topics/umamusume_season3_1_1/
2,2023-09-29,わかりやすく、でも突き詰めて―― 監督・平牧大輔が語る、アニメ『【推しの子】』の制作論③,https://febri.jp/topics/oshinoko_imamaki_03/
2,2023-09-28,わかりやすく、でも突き詰めて―― 監督・平牧大輔が語る、アニメ『【推しの子】』の制作論②,https://febri.jp/topics/oshinoko_imamaki_02/
2,2023-09-27,わかりやすく、でも突き詰めて―― 監督・平牧大輔が語る、アニメ『【推しの子】』の制作論①,https://febri.jp/topics/oshinoko_imamaki_01/
2,2023-09-25,『SYNDUALITY Noir』 青山なぎさが語る歌姫シエルのステージと役作り③,https://febri.jp/topics/synduality-noir_2_3/
2,2023-09-25,TVアニメ『SYNDUALITY Noir』 大塚剛央に聞いたカナタとの向き合い方 ②,https://febri.jp/topics/synduality-noir_takeootsuka_02/
2,2023-09-24,『SYNDUALITY Noir』 青山なぎさが語る歌姫シエルのステージと役作り②,https://febri.jp/topics/synduality-noir_2_2/
2,2023-09-23,『SYNDUALITY Noir』 青山なぎさが語る歌姫シエルのステージと役作り①,https://febri.jp/topics/synduality-noir_2_1/
2,2023-09-22,TVアニメ『SYNDUALITY Noir』 大塚剛央に聞いたカナタとの向き合い方 ①,https://febri.jp/topics/synduality-noir_takeootsuka_01/
2,2023-09-20,ペイトン尚未の「並行多元ヒロインズ」 第3回「人魚姫」から考える「お姫様に必要なこと」（後編）,https://febri.jp/topics/series_naomi_payton_03-03/
2,2023-09-19,ペイトン尚未の「並行多元ヒロインズ」 第3回「人魚姫」から考える「お姫様に必要なこと」（中編）,https://febri.jp/topics/series_naomi_payton_03-02/
2,2023-09-15,ペイトン尚未の「並行多元ヒロインズ」 第3回「人魚姫」から考える「お姫様に必要なこと」（前編）,https://febri.jp/topics/series_naomi_payton_03-01/
2,2023-09-14,Febri RECOMMEND 「当たり前」の苦悩と希望を描き続けた 『BanG Dream! It's MyGO!!!!!』の向かう先,https://febri.jp/topics/febri-recommend_bang-dream_mygo/
2,2023-09-01,伊達さゆりの「手さぐりの旅」 第10.5回 総集編：ここまでの旅路（後編）,https://febri.jp/topics/series_sayuridate_10_5-3/
2,2023-08-31,伊達さゆりの「手さぐりの旅」 第10.5回 総集編：ここまでの旅路（中編）,https://febri.jp/topics/series_sayuridate_10_5-2/
2,2023-08-30,伊達さゆりの「手さぐりの旅」 第10.5回 総集編：ここまでの旅路（前編）,https://febri.jp/topics/series_sayuridate_10_5-1/
2,2023-08-22,ペイトン尚未の「並行多元ヒロインズ」 第2回 ジブリヒロインと夏の思い出（後編）,https://febri.jp/topics/series_naomi_payton_02-03/
2,2023-08-21,ペイトン尚未の「並行多元ヒロインズ」 第2回 ジブリヒロインと夏の思い出（中編）,https://febri.jp/topics/series_naomi_payton_02-02/
2,2023-08-18,ペイトン尚未の「並行多元ヒロインズ」 第2回 ジブリヒロインと夏の思い出（前編）,https://febri.jp/topics/series_naomi_payton_02-01/
2,2023-08-18,『BanG Dream! It's MyGO!!!!!』 フォト＆インタビュー⑤ 要 楽奈役・青木陽菜,https://febri.jp/topics/bang-dream_mygo_5/
2,2023-08-17,『BanG Dream! It's MyGO!!!!!』 フォト＆インタビュー④ 椎名立希役・林 鼓子,https://febri.jp/topics/bang-dream_mygo_4/
2,2023-08-16,『BanG Dream! It's MyGO!!!!!』 フォト＆インタビュー③ 長崎そよ役・小日向美香,https://febri.jp/topics/bang-dream_mygo_3/
2,2023-08-15,『BanG Dream! It's MyGO!!!!!』 フォト＆インタビュー② 千早愛音役・立石 凛,https://febri.jp/topics/bang-dream_mygo_2/
2,2023-08-14,『BanG Dream! It's MyGO!!!!!』 フォト＆インタビュー① 高松 燈役・羊宮妃那,https://febri.jp/topics/bang-dream_mygo_1/
2,2023-08-12,久美子の日常と成長を描く 『特別編 響け！ユーフォニアム～アンサンブルコンテスト～』 石原立也監督インタビュー②,https://febri.jp/topics/anime-eupho_02_02/
2,2023-08-11,久美子の日常と成長を描く 『特別編 響け！ユーフォニアム～アンサンブルコンテスト～』 石原立也監督インタビュー①,https://febri.jp/topics/anime-eupho_02_01/
2,2023-08-09,『特別編 響け！ユーフォニアム～アンサンブルコンテスト～』 黒沢ともよと安済知佳に聞いた久美子と麗奈の変化②,https://febri.jp/topics/anime-eupho_01_02/
2,2023-08-08,『特別編 響け！ユーフォニアム～アンサンブルコンテスト～』 黒沢ともよと安済知佳に聞いた久美子と麗奈の変化①,https://febri.jp/topics/anime-eupho_01_01/
2,2023-08-03,悪役好きなファイルーズあいが語る TVアニメ『悲劇の元凶となる最強外道ラスボス女王は民の為に尽くします。』②,https://febri.jp/topics/lastame_02/
2,2023-08-02,悪役好きなファイルーズあいが語る TVアニメ『悲劇の元凶となる最強外道ラスボス女王は民の為に尽くします。』①,https://febri.jp/topics/lastame_01/
2,2023-07-31,伊達さゆりの「手さぐりの旅」 第10回 小さな選択の積み重ねが自分を作ると気づいた 阿部真央さんの「どうしますか、あなたなら」（後編）,https://febri.jp/topics/series_sayuridate_10-3/
2,2023-07-28,心の機微を大切に描く TVアニメ『スキップとローファー』出合小都美監督インタビュー②,https://febri.jp/topics/skip-and-loafer_02/
2,2023-07-28,伊達さゆりの「手さぐりの旅」 第10回 小さな選択の積み重ねが自分を作ると気づいた 阿部真央さんの「どうしますか、あなたなら」（中編）,https://febri.jp/topics/series_sayuridate_10-2/
2,2023-07-27,『政宗くんのリベンジR』 大橋彩香が語るヒロイン・安達垣愛姫との6年ぶりの「再会」②,https://febri.jp/topics/masamune_r_2/
2,2023-07-27,伊達さゆりの「手さぐりの旅」 第10回 小さな選択の積み重ねが自分を作ると気づいた 阿部真央さんの「どうしますか、あなたなら」（前編）,https://febri.jp/topics/series_sayuridate_10-1/
2,2023-07-27,心の機微を大切に描く TVアニメ『スキップとローファー』出合小都美監督インタビュー①,https://febri.jp/topics/skip-and-loafer_01/
2,2023-07-26,TVアニメ『BANANA FISH』放送5周年記念 監督・内海紘子×キャラクターデザイン・林明美 スペシャル対談②,https://febri.jp/topics/bananafish_utsumi-hayashi_02/
2,2023-07-26,Cygames開発スタッフが明かす 『ウマ娘 プリティーダービー ROAD TO THE TOP』誕生秘話③,https://febri.jp/topics/roadtothetop_3/
2,2023-07-26,『政宗くんのリベンジR』 大橋彩香が語るヒロイン・安達垣愛姫との6年ぶりの「再会」①,https://febri.jp/topics/masamune_r_1/
2,2023-07-25,TVアニメ『BANANA FISH』放送5周年記念 監督・内海紘子×キャラクターデザイン・林明美 スペシャル対談①,https://febri.jp/topics/bananafish_utsumi-hayashi_01/
2,2023-07-25,アムロ・レイの演じかた ～古谷徹の演技・人物論～ 最終回（後編）,https://febri.jp/topics/series-amuro-12-3/
2,2023-07-25,Cygames開発スタッフが明かす 『ウマ娘 プリティーダービー ROAD TO THE TOP』誕生秘話②,https://febri.jp/topics/roadtothetop_2/
2,2023-07-24,Cygames開発スタッフが明かす 『ウマ娘 プリティーダービー ROAD TO THE TOP』誕生秘話①,https://febri.jp/topics/roadtothetop_1/
2,2023-07-21,『ラブライブ！虹ヶ咲学園スクールアイドル同好会 NEXT SKY』 矢野妃菜喜、大西亜玖璃、林 鼓子が語る「ニジガク」の今とこれから③,https://febri.jp/topics/nijigasaki_ova_3/
2,2023-07-20,放送5周年を迎えた『BANANA FISH』 内田雄馬と野島健児が語るアッシュと英二の「心の結びつき」②,https://febri.jp/topics/banana-fish4/
2,2023-07-20,アムロ・レイの演じかた ～古谷徹の演技・人物論～ 最終回（中編）,https://febri.jp/topics/series-amuro-12-2/
2,2023-07-20,『ラブライブ！虹ヶ咲学園スクールアイドル同好会 NEXT SKY』 矢野妃菜喜、大西亜玖璃、林 鼓子が語る「ニジガク」の今とこれから②,https://febri.jp/topics/nijigasaki_ova_2/
2,2023-07-19,放送5周年を迎えた『BANANA FISH』 内田雄馬と野島健児が語るアッシュと英二の「心の結びつき」①,https://febri.jp/topics/banana-fish3/
2,2023-07-19,『ラブライブ！虹ヶ咲学園スクールアイドル同好会 NEXT SKY』 矢野妃菜喜、大西亜玖璃、林 鼓子が語る「ニジガク」の今とこれから①,https://febri.jp/topics/nijigasaki_ova_1/
2,2023-07-18,アムロ・レイの演じかた ～古谷徹の演技・人物論～ 最終回（前編）,https://febri.jp/topics/series-amuro-12-1/
2,2023-07-14,放送5周年を迎えた『BANANA FISH』 福山潤インタビュー「李月朧から見たアッシュという光」②,https://febri.jp/topics/banana-fish6/
2,2023-07-13,放送5周年を迎えた『BANANA FISH』 福山潤インタビュー「李月朧から見たアッシュという光」①,https://febri.jp/topics/banana-fish5/
2,2023-07-11,放送5周年を迎えた『BANANA FISH』 シリーズ構成・瀬古浩司がこだわりぬいた思い②,https://febri.jp/topics/banana-fish2/
2,2023-07-10,放送5周年を迎えた『BANANA FISH』 シリーズ構成・瀬古浩司がこだわりぬいた思い①,https://febri.jp/topics/banana-fish1/
2,2023-07-07,『BLEACH 千年血戦篇』 監督・田口智久と振り返る制作秘話②,https://febri.jp/topics/bleach-2023_01_02/
2,2023-07-05,『BLEACH 千年血戦篇』 監督・田口智久と振り返る制作秘話①,https://febri.jp/topics/bleach-2023_01_01/
2,2023-07-04,ペイトン尚未の「並行多元ヒロインズ」 第1回 変身ヒロインに愛を込めて（後編）,https://febri.jp/topics/series_naomi_payton_01-03/
2,2023-07-03,ペイトン尚未の「並行多元ヒロインズ」 第1回 変身ヒロインに愛を込めて（中編）,https://febri.jp/topics/series_naomi_payton_01-02/
2,2023-07-01,ペイトン尚未の「並行多元ヒロインズ」 第1回 変身ヒロインに愛を込めて（前編）,https://febri.jp/topics/series_naomi_payton_01-01/
2,2023-06-30,『マッシュル-MASHLE-』リレーインタビュー⑩ 監督・田中智也,https://febri.jp/topics/mashle_relay_10/
2,2023-06-30,まだまだ続く胸熱展開を楽しみ尽くすための 『BLEACH』ワールドガイド③,https://febri.jp/topics/bleach-2023_kaisetsu_03/
2,2023-06-29,まだまだ続く胸熱展開を楽しみ尽くすための 『BLEACH』ワールドガイド②,https://febri.jp/topics/bleach-2023_kaisetsu_02/
2,2023-06-29,伊達さゆりの「手さぐりの旅」 第9回 初めて参加したライブで記憶に刻みつけられた きゃりーぱみゅぱみゅさんの「もったいないとらんど」（後編）,https://febri.jp/topics/series_sayuridate_9-3/
2,2023-06-29,『マッシュル-MASHLE-』リレーインタビュー⑨ キャラクターデザイン・東島久志,https://febri.jp/topics/mashle_relay_09/
2,2023-06-28,伊達さゆりの「手さぐりの旅」 第9回 初めて参加したライブで記憶に刻みつけられた きゃりーぱみゅぱみゅさんの「もったいないとらんど」（中編）,https://febri.jp/topics/series_sayuridate_9-2/
2,2023-06-28,まだまだ続く胸熱展開を楽しみ尽くすための 『BLEACH』ワールドガイド①,https://febri.jp/topics/bleach-2023_kaisetsu_01/
2,2023-06-27,伊達さゆりの「手さぐりの旅」 第9回 初めて参加したライブで記憶に刻みつけられた きゃりーぱみゅぱみゅさんの「もったいないとらんど」（前編）,https://febri.jp/topics/series_sayuridate_9-1/
2,2023-06-27,『マッシュル-MASHLE-』リレーインタビュー⑧ 音楽・横山克,https://febri.jp/topics/mashle_relay_08/
2,2023-06-26,『マッシュル-MASHLE-』リレーインタビュー⑦ 音響監督・本山哲,https://febri.jp/topics/mashle_relay_07/
2,2023-06-26,『マッシュル-MASHLE-』の「悪」ではない敵役たち アベル役・梅原裕一郎×アビス役・七海ひろき対談（後編）,https://febri.jp/topics/mashle_taidan_02/
2,2023-06-23,『マッシュル-MASHLE-』リレーインタビュー⑥ シリーズ構成・黒田洋介,https://febri.jp/topics/mashle_relay_06/
2,2023-06-23,『マッシュル-MASHLE-』の「悪」ではない敵役たち アベル役・梅原裕一郎×アビス役・七海ひろき対談（前編）,https://febri.jp/topics/mashle_taidan_01/
2,2023-06-23,ウッソ役・阪口大助とカテジナ役・渡辺久美子が語る 『機動戦士Vガンダム』30年目の真実③,https://febri.jp/topics/v-gundam_30th_02_03/
2,2023-06-21,ウッソ役・阪口大助とカテジナ役・渡辺久美子が語る 『機動戦士Vガンダム』30年目の真実②,https://febri.jp/topics/v-gundam_30th_02_02/
2,2023-06-19,ウッソ役・阪口大助とカテジナ役・渡辺久美子が語る 『機動戦士Vガンダム』30年目の真実①,https://febri.jp/topics/v-gundam_30th_02_01/
2,2023-06-16,メインスタッフが語る 『劇場版アイドリッシュセブン LIVE 4bit BEYOND THE PERiOD』制作の舞台裏③,https://febri.jp/topics/idolish7_live_staff_03/
2,2023-06-16,山本裕介に聞いた 『機動戦士Vガンダム』30年目の真実⑥,https://febri.jp/topics/v-gundam_30th_01_06/
2,2023-06-15,メインスタッフが語る 『劇場版アイドリッシュセブン LIVE 4bit BEYOND THE PERiOD』制作の舞台裏②,https://febri.jp/topics/idolish7_live_staff_02/
2,2023-06-14,メインスタッフが語る 『劇場版アイドリッシュセブン LIVE 4bit BEYOND THE PERiOD』制作の舞台裏①,https://febri.jp/topics/idolish7_live_staff_01/
2,2023-06-14,山本裕介に聞いた 『機動戦士Vガンダム』30年目の真実⑤,https://febri.jp/topics/v-gundam_30th_01_05/
2,2023-06-12,山本裕介に聞いた 『機動戦士Vガンダム』30年目の真実④,https://febri.jp/topics/v-gundam_30th_01_04/
2,2023-06-09,山本裕介に聞いた 『機動戦士Vガンダム』30年目の真実③,https://febri.jp/topics/v-gundam_30th_01_03/
2,2023-06-07,山本裕介に聞いた 『機動戦士Vガンダム』30年目の真実②,https://febri.jp/topics/v-gundam_30th_01_02/
3,2023-06-05,山本裕介に聞いた 『機動戦士Vガンダム』30年目の真実①,https://febri.jp/topics/v-gundam_30th_01_01/
3,2023-05-31,アムロ・レイの演じかた ～古谷徹の演技・人物論～ 第11回（後編）,https://febri.jp/topics/series-amuro-11-3/
3,2023-05-29,アムロ・レイの演じかた ～古谷徹の演技・人物論～ 第11回（中編）,https://febri.jp/topics/series-amuro-11-2/
3,2023-05-26,アムロ・レイの演じかた ～古谷徹の演技・人物論～ 第11回（前編）,https://febri.jp/topics/series-amuro-11-1/
3,2023-05-25,伊達さゆりの「手さぐりの旅」第8回 YOASOBIさんの「アドベンチャー」（後編）,https://febri.jp/topics/series_sayuridate_8-3/
3,2023-05-24,伊達さゆりの「手さぐりの旅」第8回 YOASOBIさんの「アドベンチャー」（中編）,https://febri.jp/topics/series_sayuridate_8-2/
3,2023-05-23,伊達さゆりの「手さぐりの旅」第8回 YOASOBIさんの「アドベンチャー」（前編）,https://febri.jp/topics/series_sayuridate_8-1/
3,2023-05-19,映画『名探偵コナン 黒鉄の魚影』 脚本・櫻井武晴が語るコナンと灰原に込めた「希望」②,https://febri.jp/topics/conan-movie-2023_sakurai_02/
3,2023-05-19,『マッシュル-MASHLE-』リレーインタビュー⑤ ドット・バレット役・江口拓也,https://febri.jp/topics/mashle_relay_05/
3,2023-05-19,塩谷直義監督に聞いた『劇場版 PSYCHO-PASS サイコパス PROVIDENCE』の制作秘話②,https://febri.jp/topics/psycho-pass_01_02/
3,2023-05-18,映画『名探偵コナン 黒鉄の魚影』 脚本・櫻井武晴が語るコナンと灰原に込めた「希望」①,https://febri.jp/topics/conan-movie-2023_sakurai_01/
3,2023-05-12,映画『名探偵コナン 黒鉄の魚影』監督・立川譲インタビュー②,https://febri.jp/topics/conan-movie-2023_tachikawa_02/
3,2023-05-12,『マッシュル-MASHLE-』リレーインタビュー④ ランス・クラウン役・石川界人,https://febri.jp/topics/mashle_relay_04/
3,2023-05-11,映画『名探偵コナン 黒鉄の魚影』監督・立川譲インタビュー①,https://febri.jp/topics/conan-movie-2023_tachikawa_01/
3,2023-05-10,これさえ押さえれば楽しめる！ 『劇場版 PSYCHO-PASS サイコパス PROVIDENCE』のキーワード,https://febri.jp/topics/psycho-pass_2023_kaisetsu/
3,2023-05-10,白鷺陽芽役・小倉唯と綾小路美月役・上坂すみれが語る 『私の百合はお仕事です！』に見る百合の世界②,https://febri.jp/topics/watayuri_02/
3,2023-05-09,七瀬 陸役・小野賢章に聞いた 『劇場版アイドリッシュセブン LIVE 4bit BEYOND THE PERiOD』の見どころ②,https://febri.jp/topics/idolish7_live_kensho-ono_02/
3,2023-05-08,七瀬 陸役・小野賢章に聞いた 『劇場版アイドリッシュセブン LIVE 4bit BEYOND THE PERiOD』の見どころ①,https://febri.jp/topics/idolish7_live_kensho-ono_01/
3,2023-05-08,塩谷直義監督に聞いた『劇場版 PSYCHO-PASS サイコパス PROVIDENCE』の制作秘話①,https://febri.jp/topics/psycho-pass_01_01/
3,2023-05-05,『マッシュル-MASHLE-』リレーインタビュー③ フィン・エイムズ役・川島零士,https://febri.jp/topics/mashle_relay_03/
3,2023-05-03,白鷺陽芽役・小倉唯と綾小路美月役・上坂すみれが語る 『私の百合はお仕事です！』に見る百合の世界①,https://febri.jp/topics/watayuri_01/
3,2023-04-28,アムロ・レイの演じかた ～古谷徹の演技・人物論～ 第10回（後編）,https://febri.jp/topics/series-amuro-10-3/
3,2023-04-28,『マッシュル-MASHLE-』リレーインタビュー② レモン・アーヴィン役・上田麗奈,https://febri.jp/topics/mashle_relay_02/
3,2023-04-27,伊達さゆりの「手さぐりの旅」第7回 アイナ・ジ・エンドさんの「はっぴーばーすでー」（後編）,https://febri.jp/topics/series_sayuridate_7-3/
3,2023-04-26,アムロ・レイの演じかた ～古谷徹の演技・人物論～ 第10回（中編）,https://febri.jp/topics/series-amuro-10-2/
3,2023-04-25,伊達さゆりの「手さぐりの旅」第7回 アイナ・ジ・エンドさんの「はっぴーばーすでー」（中編）,https://febri.jp/topics/series_sayuridate_7-2/
3,2023-04-24,アムロ・レイの演じかた ～古谷徹の演技・人物論～ 第10回（前編）,https://febri.jp/topics/series-amuro-10-1/
3,2023-04-21,「グリッドマン ユニバース ヒロインアーカイブ」発売決定！ 宮本侑芽×上田麗奈×若山詩音 スペシャル座談会②,https://febri.jp/topics/gridmanuniverse_cast_2/
3,2023-04-20,伊達さゆりの「手さぐりの旅」第7回 アイナ・ジ・エンドさんの「はっぴーばーすでー」（前編）,https://febri.jp/topics/series_sayuridate_7-1/
3,2023-04-20,「グリッドマン ユニバース ヒロインアーカイブ」発売決定！ 宮本侑芽×上田麗奈×若山詩音 スペシャル座談会①,https://febri.jp/topics/gridmanuniverse_cast_1/
3,2023-04-19,古き良き海外ドラマを感じさせるアニメ 『THE MARGINAL SERVICE』 迫井政行監督インタビュー②,https://febri.jp/topics/the-marginal-service-2/
3,2023-04-14,『マッシュル-MASHLE-』リレーインタビュー① マッシュ・バーンデッド役・小林千晃,https://febri.jp/topics/mashle_relay_01/
3,2023-04-13,『地獄楽』小林千晃と花守ゆみりが語る、画眉丸と佐切の心の変化②,https://febri.jp/topics/jigokuraku_02/
3,2023-04-12,古き良き海外ドラマを感じさせるアニメ 『THE MARGINAL SERVICE』 迫井政行監督インタビュー①,https://febri.jp/topics/the-marginal-service-1/
3,2023-04-10,「グリッドマン ユニバース」公開記念 監督・雨宮哲×キャラクターデザイン・坂本勝スペシャル対談②,https://febri.jp/topics/gridmanuniverse2/
3,2023-04-08,「ひろがるスカイ！プリキュア」 村瀬 歩に聞く、キュアウィングへのアプローチ②,https://febri.jp/topics/hrpr_2_2/
3,2023-04-07,「ひろがるスカイ！プリキュア」 村瀬 歩に聞く、キュアウィングへのアプローチ①,https://febri.jp/topics/hrpr_2_1/
3,2023-04-07,「地獄楽」小林千晃と花守ゆみりが語る、画眉丸と佐切の心の変化①,https://febri.jp/topics/jigokuraku_01/
3,2023-04-05,「ゴールデンカムイ」 シリーズ構成・高木登が感情渦巻くドラマを語る②,https://febri.jp/topics/goldenkamuy2/
3,2023-04-03,「ゴールデンカムイ」 シリーズ構成・高木登が感情渦巻くドラマを語る①,https://febri.jp/topics/goldenkamuy1/
3,2023-04-02,いよいよ始動！ 「ラブライブ！蓮ノ空女学院スクールアイドルクラブ」 キャスト座談会③,https://febri.jp/topics/hasunosora_1_3/
3,2023-04-01,いよいよ始動！ 「ラブライブ！蓮ノ空女学院スクールアイドルクラブ」 キャスト座談会②,https://febri.jp/topics/hasunosora_1_2/
3,2023-03-31,いよいよ始動！ 「ラブライブ！蓮ノ空女学院スクールアイドルクラブ」 キャスト座談会①,https://febri.jp/topics/hasunosora_1_1/
3,2023-03-31,伊達さゆりの「手さぐりの旅」第6回 ゆずさんの「ヒカレ」（後編）,https://febri.jp/topics/series_sayuridate_6-3/
3,2023-03-29,伊達さゆりの「手さぐりの旅」第6回 ゆずさんの「ヒカレ」（中編）,https://febri.jp/topics/series_sayuridate_6-2/
3,2023-03-29,作りたかったのは「背中を押してくれる作品」 「ツルネ－つながりの一射－」山村卓也監督インタビュー②,https://febri.jp/topics/tsurune2_2_2/
3,2023-03-28,作りたかったのは「背中を押してくれる作品」 「ツルネ－つながりの一射－」山村卓也監督インタビュー①,https://febri.jp/topics/tsurune2_2_1/
3,2023-03-27,伊達さゆりの「手さぐりの旅」第6回 ゆずさんの「ヒカレ」（前編）,https://febri.jp/topics/series_sayuridate_6-1/
3,2023-03-25,最終回直前！ シリーズ構成・脚本 高木登に聞いた アニメ「虚構推理 Season2」の魅力②,https://febri.jp/topics/kyokousuiri-s2_takagi-02/
3,2023-03-24,「グリッドマン ユニバース」公開記念 監督・雨宮哲×キャラクターデザイン・坂本勝スペシャル対談①,https://febri.jp/topics/gridmanuniverse1/
3,2023-03-24,クラファンでアニメジャンル歴代1位を獲得！ 「狂気山脈 ネイキッド・ピーク」製作総指揮・まだら牛インタビュー②,https://febri.jp/topics/nakedpeak2/
3,2023-03-24,最終回直前！ シリーズ構成・脚本 高木登に聞いた アニメ「虚構推理 Season2」の魅力①,https://febri.jp/topics/kyokousuiri-s2_takagi-01/
3,2023-03-23,クラファンでアニメジャンル歴代1位を獲得！ 「狂気山脈 ネイキッド・ピーク」製作総指揮・まだら牛インタビュー①,https://febri.jp/topics/nakedpeak1/
3,2023-03-23,緒山まひろ役・高野麻里佳と緒山みはり役・石原夏織が語る 「お兄ちゃんはおしまい！」の演じかた②,https://febri.jp/topics/onimai2/
3,2023-03-23,「東京リベンジャーズ 聖夜決戦編」 キャラクターリコメンド⑫佐野万次郎,https://febri.jp/topics/tokyo-revengers-anime12/
3,2023-03-22,「東京リベンジャーズ 聖夜決戦編」 キャラクターリコメンド⑪龍宮寺堅,https://febri.jp/topics/tokyo-revengers-anime11/
3,2023-03-22,「ツルネ－つながりの一射－」 音響効果・倉橋裕宗が作る「その瞬間にふさわしい音」②,https://febri.jp/topics/tsurune2_1_2/
3,2023-03-20,「ツルネ－つながりの一射－」 音響効果・倉橋裕宗が作る「その瞬間にふさわしい音」①,https://febri.jp/topics/tsurune2_1_1/
3,2023-03-20,「東京リベンジャーズ 聖夜決戦編」 キャラクターリコメンド⑩三ツ谷隆,https://febri.jp/topics/tokyo-revengers-anime10/
3,2023-03-17,「東京リベンジャーズ 聖夜決戦編」 キャラクターリコメンド⑨ 柴八戒,https://febri.jp/topics/tokyo-revengers-anime9/
3,2023-03-17,緒山まひろ役・高野麻里佳と緒山みはり役・石原夏織が語る 「お兄ちゃんはおしまい！」の演じかた①,https://febri.jp/topics/onimai1/
3,2023-03-14,劇場総集編「SSSS.DYNAZENON」公開記念 南夢芽役・若山詩音＆飛鳥川ちせ役・安済知佳対談②,https://febri.jp/topics/ssss-dynazenon-heroinearchive2/
3,2023-03-10,劇場総集編「SSSS.DYNAZENON」公開記念 南夢芽役・若山詩音＆飛鳥川ちせ役・安済知佳対談①,https://febri.jp/topics/ssss-dynazenon-gridman-heroinearchive1/
3,2023-03-09,1stシングル「魔法」をリリース！ ペイトン尚未が語る、音楽への愛と歌への情熱③,https://febri.jp/topics/naomi_payton_mahou_3/
3,2023-03-08,1stシングル「魔法」をリリース！ ペイトン尚未が語る、音楽への愛と歌への情熱②,https://febri.jp/topics/naomi_payton_mahou_2/
3,2023-03-07,ホロライブEnglish Project: HOPE IRyS INTERVIEW,https://febri.jp/topics/irys-interview/
3,2023-03-07,1stシングル「魔法」をリリース！ ペイトン尚未が語る、音楽への愛と歌への情熱①,https://febri.jp/topics/naomi_payton_mahou_1/
3,2023-03-07,「東京リベンジャーズ 聖夜決戦編」 キャラクターリコメンド⑧ 乾青宗＆九井一,https://febri.jp/topics/tokyo-revengers-anime8/
3,2023-03-06,「東京リベンジャーズ 聖夜決戦編」 キャラクターリコメンド⑦柴大寿,https://febri.jp/topics/tokyo-revengers-anime7/
3,2023-03-02,アムロ・レイの演じかた ～古谷徹の演技・人物論～ 第9回（後編）,https://febri.jp/topics/series-amuro-9-3/
3,2023-03-02,伊達さゆりの「手さぐりの旅」第5回 あいみょんさんの「RING DING」（後編）,https://febri.jp/topics/series_sayuridate_5-3/
3,2023-03-01,アムロ・レイの演じかた ～古谷徹の演技・人物論～ 第9回（中編）,https://febri.jp/topics/series-amuro-9-2/
3,2023-03-01,伊達さゆりの「手さぐりの旅」第5回 あいみょんさんの「RING DING」（中編）,https://febri.jp/topics/series_sayuridate_5-2/
3,2023-03-01,メインスタッフが語る「ぼっち・ざ・ろっく！」のライブシーン制作舞台裏（後編）,https://febri.jp/topics/btr_live_3/
3,2023-03-01,ホロライブEnglish ワトソン・アメリア（Watson Amelia）INTERVIEW,https://febri.jp/topics/watson-amelia-interview/
3,2023-02-28,アムロ・レイの演じかた ～古谷徹の演技・人物論～ 第9回（前編）,https://febri.jp/topics/series-amuro-9-1/
3,2023-02-28,「東京リベンジャーズ 聖夜決戦編」キャラクターリコメンド⑥半間修二,https://febri.jp/topics/tokyo-revengers-anime6/
3,2023-02-28,メインスタッフが語る「ぼっち・ざ・ろっく！」のライブシーン制作舞台裏（中編）,https://febri.jp/topics/btr_live_2/
3,2023-02-28,伊達さゆりの「手さぐりの旅」第5回 あいみょんさんの「RING DING」（前編）,https://febri.jp/topics/series_sayuridate_5-1/
3,2023-02-27,「東京リベンジャーズ 聖夜決戦編」キャラクターリコメンド⑤ 羽宮一虎,https://febri.jp/topics/tokyo-revengers-anime5/
3,2023-02-27,メインスタッフが語る「ぼっち・ざ・ろっく！」のライブシーン制作舞台裏（前編）,https://febri.jp/topics/btl_live_1/
3,2023-02-24,「東京リベンジャーズ 聖夜決戦編」キャラクターリコメンド④稀咲鉄太,https://febri.jp/topics/tokyo-revengers-anime4/
3,2023-02-22,「東京リベンジャーズ 聖夜決戦編」キャラクターリコメンド③松野千冬,https://febri.jp/topics/tokyo-revengers-anime3/
3,2023-02-21,「東京リベンジャーズ 聖夜決戦編」キャラクターリコメンド②橘直人,https://febri.jp/topics/tokyo-revengers-anime2/
3,2023-02-20,「東京リベンジャーズ 聖夜決戦編」キャラクターリコメンド①花垣武道,https://febri.jp/topics/tokyo-revengers-anime1/
3,2023-02-16,関根明良と加隈亜衣が語る「ひろがるスカイ！プリキュア」 ファーストインプレッション②,https://febri.jp/topics/hrpr_1_2/
3,2023-02-15,関根明良と加隈亜衣が語る「ひろがるスカイ！プリキュア」 ファーストインプレッション①,https://febri.jp/topics/hrpr_1_1/
3,2023-02-02,岩永琴子役・鬼頭明里に聞いた アニメ「虚構推理 Season2」の魅力と見どころ②,https://febri.jp/topics/kyokousuiri-s2_2/
3,2023-02-01,アムロ・レイの演じかた ～古谷徹の演技・人物論～ 第8回（後編）,https://febri.jp/topics/series-amuro-8-3/
3,2023-01-31,アムロ・レイの演じかた ～古谷徹の演技・人物論～ 第8回（中編）,https://febri.jp/topics/series-amuro-8-2/
3,2023-01-31,伊達さゆりの「手さぐりの旅」第4回 back numberさんの「黒い猫の歌」（後編）,https://febri.jp/topics/series_sayuridate_4-3/
3,2023-01-31,岩永琴子役・鬼頭明里に聞いた アニメ「虚構推理 Season2」の魅力と見どころ①,https://febri.jp/topics/kyokousuiri-s2_1/
3,2023-01-30,アムロ・レイの演じかた ～古谷徹の演技・人物論～ 第8回（前編）,https://febri.jp/topics/series-amuro-8-1/
3,2023-01-30,伊達さゆりの「手さぐりの旅」第4回 back numberさんの「黒い猫の歌」（中編）,https://febri.jp/topics/series_sayuridate_4-2/
3,2023-01-28,最終回直前！「デリシャスパーティ♡プリキュア」をシリーズディレクター・深澤敏則が振り返る（後編）,https://febri.jp/topics/dppr_4_2/
3,2023-01-27,伊達さゆりの「手さぐりの旅」第4回 back numberさんの「黒い猫の歌」（前編）,https://febri.jp/topics/series_sayuridate_4-1/
3,2023-01-27,最終回直前！「デリシャスパーティ♡プリキュア」をシリーズディレクター・深澤敏則が振り返る（前編）,https://febri.jp/topics/dppr_4_1/
3,2023-01-24,劇場総集編「SSSS.GRIDMAN」公開記念 新条アカネ役・上田麗奈＆宝多六花役・宮本侑芽対談②,https://febri.jp/topics/ssss-gridman-heroinearchive2/
3,2023-01-20,劇場総集編「SSSS.GRIDMAN」公開記念 新条アカネ役・上田麗奈＆宝多六花役・宮本侑芽対談①,https://febri.jp/topics/ssss-gridman-heroinearchive1/
3,2023-01-20,俊英アニメーター・伊礼えりに聞く「ヤマノススメ Next Summit」を通して得たもの②,https://febri.jp/topics/yamanosusume_ns_2/
3,2023-01-19,俊英アニメーター・伊礼えりに聞く「ヤマノススメ Next Summit」を通して得たもの①,https://febri.jp/topics/yamanosusume_ns_1/
3,2022-12-29,伊達さゆりの「手さぐりの旅」第3回 スキマスイッチさんの「トラベラーズ・ハイ」（後編）,https://febri.jp/topics/series_sayuridate_3-3/
3,2022-12-28,伊達さゆりの「手さぐりの旅」第3回 スキマスイッチさんの「トラベラーズ・ハイ」（中編）,https://febri.jp/topics/series_sayuridate_3-2/
3,2022-12-27,伊達さゆりの「手さぐりの旅」第3回 スキマスイッチさんの「トラベラーズ・ハイ」（前編）,https://febri.jp/topics/series_sayuridate_3-1/
3,2022-12-23,アニメ「万聖街」スタッフが語り尽くす 魅力的なキャラクターたち③,https://febri.jp/topics/banseigai3/
3,2022-12-21,アムロ・レイの演じかた ～古谷徹の演技・人物論～ 第7回（後編）,https://febri.jp/topics/series-amuro-7-3/
3,2022-12-20,アムロ・レイの演じかた ～古谷徹の演技・人物論～ 第7回（中編）,https://febri.jp/topics/series-amuro-7-2/
3,2022-12-19,アムロ・レイの演じかた ～古谷徹の演技・人物論～ 第7回（前編）,https://febri.jp/topics/series-amuro-7-1/
3,2022-12-16,アニメ「万聖街」スタッフが語り尽くす 魅力的なキャラクターたち②,https://febri.jp/topics/banseigai2/
3,2022-12-14,めくるめく恋物語と宮廷陰謀劇「虫かぶり姫」特集④ テオドール役・羽多野渉インタビュー,https://febri.jp/topics/mushikaburihime4/
3,2022-12-14,衝撃作「アキバ冥途戦争」の制作舞台裏 竹中信広プロデューサーインタビュー②,https://febri.jp/topics/akbmaidwar6/
3,2022-12-13,めくるめく恋物語と宮廷陰謀劇「虫かぶり姫」特集③ グレン役・内田雄馬インタビュー,https://febri.jp/topics/mushikaburihime3/
3,2022-12-13,衝撃作「アキバ冥途戦争」の制作舞台裏 竹中信広プロデューサーインタビュー①,https://febri.jp/topics/akbmaidwar5/
3,2022-12-12,めくるめく恋物語と宮廷陰謀劇「虫かぶり姫」特集② アレクセイ役・内山昂輝インタビュー,https://febri.jp/topics/mushikaburihime2/
3,2022-12-12,衝撃作「アキバ冥途戦争」の制作舞台裏 監督・増井壮一インタビュー②,https://febri.jp/topics/akbmaidwar4/
3,2022-12-11,衝撃作「アキバ冥途戦争」の制作舞台裏 監督・増井壮一インタビュー①,https://febri.jp/topics/akbmaidwar3/
3,2022-12-10,衝撃作「アキバ冥途戦争」の制作舞台裏 シリーズ構成・比企能博インタビュー②,https://febri.jp/topics/akbmaidwar2/
3,2022-12-09,アニメ「万聖街」スタッフが語り尽くす 魅力的なキャラクターたち①,https://febri.jp/topics/banseigai1/
3,2022-12-09,めくるめく恋物語と宮廷陰謀劇「虫かぶり姫」特集① クリストファー役・木村良平インタビュー,https://febri.jp/topics/mushikaburihime1/
3,2022-12-09,今、映画「すずめの戸締まり」を作る理由 監督・新海誠インタビュー②,https://febri.jp/topics/suzumeno-tojimari2/
3,2022-12-09,衝撃作「アキバ冥途戦争」の制作舞台裏 シリーズ構成・比企能博インタビュー①,https://febri.jp/topics/akbmaidwar1/
3,2022-12-08,今、映画「すずめの戸締まり」を作る理由 監督・新海誠インタビュー①,https://febri.jp/topics/suzume-tojimari1/
3,2022-12-03,3rdツアー目前！ Liella! 2期生フォト＆インタビュー⑥ メンバー座談会・後編,https://febri.jp/topics/llss_2nd_6/
3,2022-12-02,3rdツアー目前！ Liella! 2期生フォト＆インタビュー⑤ メンバー座談会・前編,https://febri.jp/topics/llss_2nd_5/
3,2022-12-01,3rdツアー目前！ Liella! 2期生フォト＆インタビュー④ 鬼塚夏美役・絵森 彩,https://febri.jp/topics/llss_2nd_4/
3,2022-11-30,3rdツアー目前！ Liella! 2期生フォト＆インタビュー③ 若菜四季役・大熊和奏,https://febri.jp/topics/llss_2nd_3/
3,2022-11-30,伊達さゆりの「手さぐりの旅」 第2回 SHISHAMOさんの「中庭の少女たち」（後編）,https://febri.jp/topics/series_sayuridate_2-3/
3,2022-11-29,3rdツアー目前！ Liella! 2期生フォト＆インタビュー② 米女メイ役・薮島朱音,https://febri.jp/topics/llss_2nd_2/
3,2022-11-29,伊達さゆりの「手さぐりの旅」 第2回 SHISHAMOさんの「中庭の少女たち」（中編）,https://febri.jp/topics/series_sayuridate_2-2/
3,2022-11-28,伊達さゆりの「手さぐりの旅」 第2回 SHISHAMOさんの「中庭の少女たち」（前編）,https://febri.jp/topics/series_sayuridate_2-1/
3,2022-11-28,3rdツアー目前！ Liella! 2期生フォト＆インタビュー① 桜小路きな子役・鈴原希実,https://febri.jp/topics/llss_2nd_1/
3,2022-11-27,Febri RECOMMEND 「機動戦士ガンダム 水星の魔女」に見る、新しい「ガンダムらしさ」,https://febri.jp/topics/febri-recommend-g-witich-m/
3,2022-11-25,「劇場版 転生したらスライムだった件 紅蓮の絆編」の物語が生まれるまで 原作者・伏瀬インタビュー,https://febri.jp/topics/ten-sura2/
3,2022-11-25,「リコリス・リコイル」 初監督作を終えた足立慎吾の胸の内②,https://febri.jp/topics/lycoris_recoil_int4_2/
3,2022-11-24,「リコリス・リコイル」 初監督作を終えた足立慎吾の胸の内①,https://febri.jp/topics/lycoris_recoil_int4_1/
3,2022-11-17,監督・渡辺歩が語り尽くす「サマータイムレンダ」の制作舞台裏②,https://febri.jp/topics/str2/
3,2022-11-15,監督・渡辺歩が語り尽くす「サマータイムレンダ」の制作舞台裏①,https://febri.jp/topics/str1/
3,2022-11-12,結束バンドが紡ぐ「ぼっち・ざ・ろっく！」メインキャスト座談会③,https://febri.jp/topics/btr_int3/
3,2022-11-11,結束バンドが紡ぐ「ぼっち・ざ・ろっく！」メインキャスト座談会②,https://febri.jp/topics/btr_int2/
3,2022-11-10,結束バンドが紡ぐ「ぼっち・ざ・ろっく！」メインキャスト座談会①,https://febri.jp/topics/btr_int1/
3,2022-11-01,鮮烈なデビューから1年、20歳の素顔 伊達さゆり フォト＆インタビュー②,https://febri.jp/topics/febri_autumn_sayuridate_2/
3,2022-11-01,普通の人には「異文化」すぎる アニメ「異世界おじさん」セガネタ大解説③,https://febri.jp/topics/isekaiojisan3/
3,2022-10-31,鮮烈なデビューから1年、20歳の素顔 伊達さゆり フォト＆インタビュー①,https://febri.jp/topics/febri_autumn_sayuridate_1/
3,2022-10-31,監督に聞いた「私に天使が舞い降りた！プレシャス・フレンズ」ができるまで③,https://febri.jp/topics/wataten_pf_3/
3,2022-10-30,監督に聞いた「私に天使が舞い降りた！プレシャス・フレンズ」ができるまで②,https://febri.jp/topics/wataten_pf_2/
3,2022-10-29,監督に聞いた「私に天使が舞い降りた！プレシャス・フレンズ」ができるまで①,https://febri.jp/topics/wataten_pf_1/
3,2022-10-28,アムロ・レイの演じかた ～古谷徹の演技・人物論～ 第6回（後編）,https://febri.jp/topics/series-amuro-6-3/
3,2022-10-27,普通の人には「異文化」すぎる アニメ「異世界おじさん」セガネタ大解説②,https://febri.jp/topics/isekaiojisan2/
3,2022-10-27,「すずめの戸締まり」を見る前に新海誠の世界を振り返る⑦ 「猫の集会」,https://febri.jp/topics/shinkaimakotonosekai7/
3,2022-10-26,アムロ・レイの演じかた ～古谷徹の演技・人物論～ 第6回（中編）,https://febri.jp/topics/series-amuro-6-2/
3,2022-10-25,普通の人には「異文化」すぎる アニメ「異世界おじさん」セガネタ大解説①,https://febri.jp/topics/isekaiojisan1/
3,2022-10-24,アムロ・レイの演じかた ～古谷徹の演技・人物論～ 第6回（前編）,https://febri.jp/topics/series-amuro-6-1/
3,2022-10-20,「すずめの戸締まり」を見る前に新海誠の世界を振り返る⑥ 「言の葉の庭」,https://febri.jp/topics/shinkaimakotonosekai6/
3,2022-10-20,「PUI PUI モルカー DRIVING SCHOOL」 小野ハナ監督に聞く新シリーズ制作の裏側②,https://febri.jp/topics/molcar_anime2/
3,2022-10-18,「PUI PUI モルカー DRIVING SCHOOL」 小野ハナ監督に聞く新シリーズ制作の裏側①,https://febri.jp/topics/molcar_anime1/
3,2022-10-13,「すずめの戸締まり」を見る前に新海誠の世界を振り返る⑤ 「星を追う子ども」,https://febri.jp/topics/shinkaimakotonosekai5/
3,2022-10-11,伊達さゆりの「手さぐりの旅」 第1回 山本彩さんの「JOKER」（後編）,https://febri.jp/topics/series_sayuridate_1-3/
3,2022-10-07,伊達さゆりの「手さぐりの旅」 第1回 山本彩さんの「JOKER」（中編）,https://febri.jp/topics/series_sayuridate_1-2/
3,2022-10-06,「TIGER & BUNNY 2」 監督・加瀬充子が考えたこと③,https://febri.jp/topics/tiger-bunny-2-3/
3,2022-10-06,「すずめの戸締まり」を見る前に新海誠の世界を振り返る④ 「秒速5センチメートル」,https://febri.jp/topics/shinkaimakotonosekai4/
3,2022-10-05,雑誌「Febri」が2年ぶりに装いも新たに登場 「Febri AUTUMN 2022」発売,https://febri.jp/topics/febri-autumn-2022/
3,2022-10-04,「TIGER & BUNNY 2」 監督・加瀬充子が考えたこと②,https://febri.jp/topics/tiger-bunny2-2/
3,2022-09-30,伊達さゆりの「手さぐりの旅」 第1回 山本彩さんの「JOKER」（前編）,https://febri.jp/topics/series_sayuridate_1-1/
3,2022-09-29,アムロ・レイの演じかた ～古谷徹の演技・人物論～ 第5回（後編）,https://febri.jp/topics/series-amuro-5-3/
3,2022-09-29,「TIGER & BUNNY 2」 監督・加瀬充子が考えたこと①,https://febri.jp/topics/tiger-bunny2-1/
3,2022-09-29,「すずめの戸締まり」を見る前に新海誠の世界を振り返る③ 「雲のむこう、約束の場所」,https://febri.jp/topics/shinkaimakotonosekai3/
3,2022-09-27,アムロ・レイの演じかた ～古谷徹の演技・人物論～ 第5回（中編）,https://febri.jp/topics/series-amuro-5-2/
3,2022-09-23,声優・菱川花菜＆高森奈津美が語る 映画「デリシャスパーティ♡プリキュア」の見どころ②,https://febri.jp/topics/dppr_movie_2/
3,2022-09-22,アムロ・レイの演じかた ～古谷徹の演技・人物論～ 第5回（前編）,https://febri.jp/topics/series-amuro-5-1/
3,2022-09-22,映画「雨を告げる漂流団地」石田祐康監督が作品に込めた思い②,https://febri.jp/topics/hyoryudanchi2/
3,2022-09-22,声優・菱川花菜＆高森奈津美が語る 映画「デリシャスパーティ♡プリキュア」の見どころ①,https://febri.jp/topics/dppr_movie_1/
3,2022-09-22,「すずめの戸締まり」を見る前に新海誠の世界を振り返る② 「ほしのこえ」,https://febri.jp/topics/shinkaimakotonosekai2/
3,2022-09-20,映画「雨を告げる漂流団地」石田祐康監督が作品に込めた思い①,https://febri.jp/topics/hyoryu_danchi1/
3,2022-09-15,「すずめの戸締まり」を見る前に新海誠の世界を振り返る① 「彼女と彼女の猫」,https://febri.jp/topics/shinkaimakotonosekai1/
3,2022-09-13,Febri RECOMMEND 若者たちの葛藤と情熱が詰まった珠玉の作品「ダンス・ダンス・ダンスール」,https://febri.jp/topics/febri-recommend-danseur-anime/
3,2022-09-13,ストーリー原案・アサウラが明かす「リコリス・リコイル」の始まりと変遷②,https://febri.jp/topics/lycoris_recoil_int3_2/
3,2022-09-06,ストーリー原案・アサウラが明かす「リコリス・リコイル」の始まりと変遷①,https://febri.jp/topics/lycoris_recoil_int3_1/
3,2022-08-30,「リコリス・リコイル」 足立慎吾が初監督作で描きたかったこと③,https://febri.jp/topics/lycoris_recoil_int1_3/
3,2022-08-27,監督・谷口悟朗が語る「ONE PIECE FILM RED」ができるまで②,https://febri.jp/topics/onepiece-film-red2/
3,2022-08-26,監督・谷口悟朗が語る「ONE PIECE FILM RED」ができるまで①,https://febri.jp/topics/onepiece-film-red1/
3,2022-08-25,Febri RECOMMEND 愚かさや愛らしさがむき出しの「邪神ちゃんドロップキックX」,https://febri.jp/topics/febri-recommend-jashinchanx/
3,2022-08-23,いみぎむるが語る「リコリス・リコイル」のキャラクターデザイン②,https://febri.jp/topics/lycoris_recoil_int2_2/
3,2022-08-18,My Dress-Up Darling: An Interview with the Director (Part 2),https://febri.jp/topics/my-dress-up-darling-an-interview2/
3,2022-08-18,My Dress-Up Darling: An Interview with the Director (Part 1),https://febri.jp/topics/my-dress-up-darling-an-interview1/
3,2022-08-17,Febri RECOMMEND 笑いとほっこりを届けてくれる 癒し系アニメ「異世界おじさん」,https://febri.jp/topics/febri-recommend-isekaiojisan/
3,2022-08-16,いみぎむるが語る「リコリス・リコイル」のキャラクターデザイン①,https://febri.jp/topics/lycoris_recoil_int2_1/
3,2022-08-13,「デリシャスパーティ♡プリキュア」 声優・内田雄馬が考える拓海とブラックペッパーの魅力②,https://febri.jp/topics/dppr_3_2/
3,2022-08-12,「デリシャスパーティ♡プリキュア」 声優・内田雄馬が考える拓海とブラックペッパーの魅力①,https://febri.jp/topics/dppr_3_1/
3,2022-08-11,アムロ・レイの演じかた ～古谷徹の演技・人物論～ 第4回（後編）,https://febri.jp/topics/series-amuro-4-3/
3,2022-08-09,アムロ・レイの演じかた ～古谷徹の演技・人物論～ 第4回（中編）,https://febri.jp/topics/series-amuro-4-2/
3,2022-08-09,「リコリス・リコイル」 足立慎吾が初監督作で描きたかったこと②,https://febri.jp/topics/lycoris_recoil_int1_2/
3,2022-08-04,アムロ・レイの演じかた ～古谷徹の演技・人物論～ 第4回（前編）,https://febri.jp/topics/series-amuro-4-1/
3,2022-08-02,「リコリス・リコイル」 足立慎吾が初監督作で描きたかったこと①,https://febri.jp/topics/lycoris_recoil_int1_1/
3,2022-07-28,総監督・富野由悠季が語る 劇場版「Gのレコンギスタ」の音楽と画作り②,https://febri.jp/topics/movie_g-reco_2/
3,2022-07-26,総監督・富野由悠季が語る 劇場版「Gのレコンギスタ」の音楽と画作り①,https://febri.jp/topics/movie_g-reco_1/
3,2022-07-21,10年分の感謝を込めて！「劇場版アイカツプラネット！」キャスト座談会②,https://febri.jp/topics/movie_aikatsu_planet_2/
3,2022-07-20,Mori Calliope Major Debut Concert「New Underworld Order」開催直前インタビュー,https://febri.jp/topics/mori-calliope-new-underworldorder/
3,2022-07-19,聖地巡礼のススメ2022③ 舞台だけじゃない旅の「楽しみ方」とは？,https://febri.jp/topics/seichi_2022_3/
3,2022-07-19,10年分の感謝を込めて！「劇場版アイカツプラネット！」キャスト座談会①,https://febri.jp/topics/movie_aikatsu_planet_1/
3,2022-07-14,聖地巡礼のススメ2022② あのシーンと同じ風景の「撮り方」は!?,https://febri.jp/topics/seichi_2022_2/
4,2022-07-12,聖地巡礼のススメ 2022① アニメ聖地の「探し方」教えます！,https://febri.jp/topics/seichi_2022_1/
4,2022-07-10,「デリシャスパーティ♡プリキュア」 声優・茅野愛衣が語る待望のキュアフィナーレ,https://febri.jp/topics/dppr_2_2/
4,2022-07-10,監督・京極義昭が語る 映画「ゆるキャン△」ができるまで②,https://febri.jp/topics/yurucamp_cinema_2/
4,2022-07-09,監督・京極義昭が語る 映画「ゆるキャン△」ができるまで①,https://febri.jp/topics/yurucamp_cinema_1/
4,2022-07-07,TVアニメオンエア中！ 原作者に聞いた「神クズ☆アイドル」ができるまで②,https://febri.jp/topics/kamikuzu_2/
4,2022-07-07,「デリシャスパーティ♡プリキュア」 声優・茅野愛衣が語る生徒会長・菓彩あまね,https://febri.jp/topics/dppr_2_1/
4,2022-07-06,アムロ・レイの演じかた ～古谷徹の演技・人物論～ 第3回（後編）,https://febri.jp/topics/series-amuro-3-3/
4,2022-07-06,2期放送直前！「メイドインアビス」を振り返る特集 原作者・つくしあきひとと紐解く アビス・7つの深層,https://febri.jp/topics/madeinabyss_interview5/
4,2022-07-05,2期放送直前！「メイドインアビス」を振り返る特集 音楽・Kevin Penkinインタビュー,https://febri.jp/topics/madeinabyss_interview4/
4,2022-07-05,TVアニメオンエア中！ 原作者に聞いた「神クズ☆アイドル」ができるまで①,https://febri.jp/topics/kamikuzu_1/
4,2022-07-04,アムロ・レイの演じかた ～古谷徹の演技・人物論～ 第3回（中編）,https://febri.jp/topics/series-amuro-3-2/
4,2022-07-04,2期放送直前！「メイドインアビス」を振り返る特集 原作・つくしあきひとインタビュー,https://febri.jp/topics/madeinabyss_interview3/
4,2022-07-01,アムロ・レイの演じかた ～古谷徹の演技・人物論～ 第3回（前編）,https://febri.jp/topics/series-amuro-3-1/
4,2022-06-30,2期放送直前！「メイドインアビス」を振り返る特集 シリーズ構成・倉田英之インタビュー,https://febri.jp/topics/madeinabyss_interview2/
4,2022-06-30,「正解するカド」5周年 シリーズ構成・野﨑まどによる書き下ろし短編小説,https://febri.jp/topics/kado-the-right-answer-novel/
4,2022-06-28,2期放送直前！「メイドインアビス」を振り返る特集 監督・小島正幸インタビュー,https://febri.jp/topics/madeinabyss_interview1/
4,2022-06-23,「ラブライブ！虹ヶ咲学園スクールアイドル同好会」TVアニメ2期 フォト＆インタビュー⑦ 高咲 侑役・矢野妃菜喜,https://febri.jp/topics/ll_nijigasaki2nd_7/
4,2022-06-21,原作者・四葉夕トに聞いた「パリピ孔明」原作＆アニメ楽屋裏話②,https://febri.jp/topics/paripikoumei_interview_2/
4,2022-06-21,「ラブライブ！虹ヶ咲学園スクールアイドル同好会」TVアニメ2期 フォト＆インタビュー⑥ 上原歩夢役・大西亜玖璃,https://febri.jp/topics/ll_nijigasaki2nd_6/
4,2022-06-16,原作者・四葉夕トに聞いた「パリピ孔明」原作＆アニメ楽屋裏話①,https://febri.jp/topics/paripikoumei_interview_1/
4,2022-06-16,「ラブライブ！虹ヶ咲学園スクールアイドル同好会」TVアニメ2期 フォト＆インタビュー⑤ 朝香果林役・久保田未夢,https://febri.jp/topics/ll_nijigasaki2nd_5/
4,2022-06-14,「ラブライブ！虹ヶ咲学園スクールアイドル同好会」TVアニメ2期 フォト＆インタビュー④ ミア・テイラー役・内田 秀,https://febri.jp/topics/ll_nijigasaki2nd_4/
4,2022-06-10,アムロ・レイの演じかた ～古谷徹の演技・人物論～ 第2回（後編）,https://febri.jp/topics/series-amuro-2-2/
4,2022-06-09,アムロ・レイの演じかた ～古谷徹の演技・人物論～ 第2回（前編）,https://febri.jp/topics/series-amuro-2-1/
4,2022-06-09,「ラブライブ！虹ヶ咲学園スクールアイドル同好会」TVアニメ2期 フォト＆インタビュー③ 鐘 嵐珠役・法元明菜,https://febri.jp/topics/ll_nijigasaki2nd_3/
4,2022-06-09,ホロライブEnglish 小鳥遊キアラ（Takanashi Kiara）INTERVIEW,https://febri.jp/topics/takanashi-kiara-interview/
4,2022-06-08,イムガヒ副監督に聞いた「機動戦士ガンダム ククルス・ドアンの島」の制作秘話②,https://febri.jp/topics/gundam-cucuruz-doan-interview-2/
4,2022-06-07,イムガヒ副監督に聞いた「機動戦士ガンダム ククルス・ドアンの島」の制作秘話①,https://febri.jp/topics/gundam-cucuruz-doan-interview-1/
4,2022-06-07,「ラブライブ！虹ヶ咲学園スクールアイドル同好会」TVアニメ2期 フォト＆インタビュー② 中須かすみ役・相良茉優,https://febri.jp/topics/ll_nijigasaki2nd_2/
4,2022-06-03,原作者・古川日出男が語る 劇場アニメーション「犬王」の魅力②,https://febri.jp/topics/movie_inuoh_2/
4,2022-06-02,「ラブライブ！虹ヶ咲学園スクールアイドル同好会」TVアニメ2期 フォト＆インタビュー① 桜坂しずく役・前田佳織里,https://febri.jp/topics/ll_nijigasaki2nd_1/
4,2022-06-02,歴史監修・佐多芳彦に聞く 劇場アニメーション「犬王」の舞台裏②,https://febri.jp/topics/movie_inuoh_4/
4,2022-06-02,監督が語る大ヒットアニメ「その着せ替え人形は恋をする」の制作秘話②,https://febri.jp/topics/bisquedoll-anime2/
4,2022-06-01,「虹ヶ咲学園スクールアイドル同好会」が「ラブライブ！」にもたらしたもの②,https://febri.jp/topics/ll_nijigasaki_discussion_2/
4,2022-06-01,原作者・古川日出男が語る 劇場アニメーション「犬王」の魅力①,https://febri.jp/topics/movie_inuoh_1/
4,2022-05-31,歴史監修・佐多芳彦に聞く 劇場アニメーション「犬王」の舞台裏①,https://febri.jp/topics/movie_inuoh_3/
4,2022-05-31,監督が語る大ヒットアニメ「その着せ替え人形は恋をする」の制作秘話①,https://febri.jp/topics/bisquedoll-anime1/
4,2022-05-31,「虹ヶ咲学園スクールアイドル同好会」が「ラブライブ！」にもたらしたもの①,https://febri.jp/topics/ll_nijigasaki_discussion_1/
4,2022-05-30,「takt op.Destiny」 視聴者を魅了したアクション演出へのこだわり③,https://febri.jp/topics/takt-op-destiny5/
4,2022-05-27,リアルイベント「うい・おん・すてーじ -雨上がりの文化祭-」開催直前 しぐれういインタビュー②,https://febri.jp/topics/shigreui2/
4,2022-05-27,アムロ・レイの演じかた ～古谷徹の演技・人物論～ 第1回（後編）,https://febri.jp/topics/series-amuro-1-2/
4,2022-05-27,アムロ・レイの演じかた ～古谷徹の演技・人物論～ 第1回（前編）,https://febri.jp/topics/series-amuro-1-1/
4,2022-05-27,「takt op.Destiny」 視聴者を魅了したアクション演出へのこだわり②,https://febri.jp/topics/takt-op-destiny4/
4,2022-05-26,リアルイベント「うい・おん・すてーじ -雨上がりの文化祭-」開催直前 しぐれういインタビュー①,https://febri.jp/topics/shigureui1/
4,2022-05-26,特「刀剣乱舞-花丸-」〜雪ノ巻〜 プロデューサー・礒部慧利インタビュー②,https://febri.jp/topics/touken_hanamaru2/
4,2022-05-26,監督・長井龍雪と振り返る 8年目の「機動戦士ガンダム 鉄血のオルフェンズ」②,https://febri.jp/topics/gundam_orphans_interview_2/
4,2022-05-25,「takt op.Destiny」 視聴者を魅了したアクション演出へのこだわり①,https://febri.jp/topics/takt-op-destiny3/
4,2022-05-24,監督・長井龍雪と振り返る 8年目の「機動戦士ガンダム 鉄血のオルフェンズ」①,https://febri.jp/topics/gundam_orphans_interview_1/
4,2022-05-24,「パリピ孔明」を見て思った そもそも孔明ってどんな人なの？,https://febri.jp/topics/paripikoumei_what_kind_of_person/
4,2022-05-24,特「刀剣乱舞-花丸-」〜雪ノ巻〜 プロデューサー・礒部慧利インタビュー①,https://febri.jp/topics/touken_hanamaru1/
4,2022-05-19,劇場版「名探偵コナン ハロウィンの花嫁」 監督・満仲 勧インタビュー②,https://febri.jp/topics/conan-movie4/
4,2022-05-19,特「刀剣乱舞-花丸-」～雪ノ巻～ 大和守安定役・市来光弘×加州清光役・増田俊樹 スペシャル対談②,https://febri.jp/topics/touken_hanamaru4/
4,2022-05-17,特「刀剣乱舞-花丸-」～雪ノ巻～ 大和守安定役・市来光弘×加州清光役・増田俊樹 スペシャル対談①,https://febri.jp/topics/touken_hanamaru3/
4,2022-05-17,劇場版「名探偵コナン ハロウィンの花嫁」 監督・満仲 勧インタビュー①,https://febri.jp/topics/conan-movie3/
4,2022-05-12,劇場版「RE:cycle of the PENGUINDRUM」 幾原邦彦監督インタビュー②,https://febri.jp/topics/recycle-of-the-penguindrum2/
4,2022-05-10,劇場版「RE:cycle of the PENGUINDRUM」 幾原邦彦監督インタビュー①,https://febri.jp/topics/recycle-of-the-penguindrum1/
4,2022-05-05,劇場版「名探偵コナン ハロウィンの花嫁」 脚本・大倉崇裕インタビュー②,https://febri.jp/topics/conan_movie2/
4,2022-05-03,劇場版「名探偵コナン ハロウィンの花嫁」 脚本・大倉崇裕インタビュー①,https://febri.jp/topics/conan_movie1/
4,2022-05-03,「かぐや様は告らせたい-ウルトラロマンティック-」 四宮かぐや役・古賀 葵インタビュー②,https://febri.jp/topics/kaguya_3rd_2/
4,2022-04-28,Febri RECOMMEND 異世界転生の魅力がすべて詰まった「転生したらスライムだった件」,https://febri.jp/topics/febri-recommend-ten-sura/
4,2022-04-28,「かぐや様は告らせたい-ウルトラロマンティック-」 四宮かぐや役・古賀 葵インタビュー①,https://febri.jp/topics/kaguya_3rd_1/
4,2022-04-26,"What Made Wonder Egg Priority Such a Special Anime, Part 3",https://febri.jp/topics/wep-en3/
4,2022-04-26,"What Made Wonder Egg Priority Such a Special Anime, Part 2",https://febri.jp/topics/wep-en2/
4,2022-04-26,"What Made Wonder Egg Priority Such a Special Anime, Part 1",https://febri.jp/topics/wep-en1/
4,2022-04-21,「シン・ウルトラマン」を見る前に知っておきたい「ウルトラマン」のキホン③,https://febri.jp/topics/ultraman-basic-3/
4,2022-04-20,「シン・ウルトラマン」を見る前に知っておきたい「ウルトラマン」のキホン②,https://febri.jp/topics/ultraman-basic-2/
4,2022-04-19,「シン・ウルトラマン」を見る前に知っておきたい「ウルトラマン」のキホン①,https://febri.jp/topics/ultraman-basic-1/
4,2022-04-14,メインスタッフが語る「映画 オッドタクシー イン・ザ・ウッズ」の舞台ウラ②,https://febri.jp/topics/oddtaxi-movie2/
4,2022-04-13,Febri RECOMMEND 「古見さんは、コミュ症です。」,https://febri.jp/topics/febri-recommend-komisan/
4,2022-04-12,メインスタッフが語る「映画 オッドタクシー イン・ザ・ウッズ」の舞台ウラ①,https://febri.jp/topics/oddtaxi-movie1/
4,2022-04-07,Febri RECOMMEND あなたの心に癒しと笑いをもたらす合法サプリ「まちカドまぞく 2丁目」,https://febri.jp/topics/febri-recommend_machikado2/
4,2022-04-05,Febri RECOMMEND 野次馬根性がくすぐられる！「オッドタクシー」の魅力を考察,https://febri.jp/topics/febri-recommend-oddtaxi/
4,2022-03-31,日本のアニメファンに衝撃を与えた「時光代理人 -LINK CLICK-」黒﨑静佳プロデューサーインタビュー②,https://febri.jp/topics/link-click4/
4,2022-03-29,日本のアニメファンに衝撃を与えた「時光代理人 -LINK CLICK-」黒﨑静佳プロデューサーインタビュー①,https://febri.jp/topics/link-click3/
4,2022-03-25,キラとアスランが語る！20年目の「機動戦士ガンダムSEED」 保志総一朗×石田 彰 対談③,https://febri.jp/topics/g-seed_3/
4,2022-03-25,「地球外少年少女」と「プラネテス」の接触点 磯 光雄×幸村 誠 スペシャル対談③,https://febri.jp/topics/chikyugai_bg_platenes3/
4,2022-03-24,「ワッチャプリマジ！」 ゲームとアニメをつなぐ「イリュージョン原案」の仕事②,https://febri.jp/topics/primagi_2/
4,2022-03-24,「地球外少年少女」と「プラネテス」の接触点 磯 光雄×幸村 誠 スペシャル対談②,https://febri.jp/topics/chikyugai-bg-planetes2/
4,2022-03-24,キラとアスランが語る！20年目の「機動戦士ガンダムSEED」 保志総一朗×石田 彰 対談②,https://febri.jp/topics/g-seed_2/
4,2022-03-23,キラとアスランが語る！20年目の「機動戦士ガンダムSEED」 保志総一朗×石田 彰 対談①,https://febri.jp/topics/g-seed_1/
4,2022-03-23,「地球外少年少女」と「プラネテス」の接触点 磯 光雄×幸村 誠 スペシャル対談①,https://febri.jp/topics/chikyugai-bg-planetes1/
4,2022-03-22,「ワッチャプリマジ！」 ゲームとアニメをつなぐ「イリュージョン原案」の仕事①,https://febri.jp/topics/primagi_1/
4,2022-03-17,Febri RECOMMEND 「王様ランキング」は単なる「感動の押し売り」じゃない！,https://febri.jp/topics/osama_ranking3/
4,2022-03-15,ホロライブEnglish 一伊那尓栖（Ninomae Ina'nis）INTERVIEW,https://febri.jp/topics/ninomae-inanis_interview/
4,2022-03-13,Liella! 1stアルバム「What a Wonderful Dream!!」 フォト＆インタビュー⑦ メンバー座談会・後編,https://febri.jp/topics/llss_1stal_7/
4,2022-03-12,Liella! 1stアルバム「What a Wonderful Dream!!」 フォト＆インタビュー⑥ メンバー座談会・前編,https://febri.jp/topics/llss_1stal_6/
4,2022-03-11,Liella! 1stアルバム「What a Wonderful Dream!!」 フォト＆インタビュー⑤ 澁谷かのん役・伊達さゆり,https://febri.jp/topics/llss_1stal_5/
4,2022-03-10,Liella! 1stアルバム「What a Wonderful Dream!!」 フォト＆インタビュー④ 葉月 恋役・青山なぎさ,https://febri.jp/topics/llss_1stal_4/
4,2022-03-09,Liella! 1stアルバム「What a Wonderful Dream!!」 フォト＆インタビュー③ 平安名すみれ役・ペイトン尚未,https://febri.jp/topics/llss_1stal_3/
4,2022-03-08,Liella! 1stアルバム「What a Wonderful Dream!!」 フォト＆インタビュー② 嵐 千砂都役・岬 なこ,https://febri.jp/topics/llss_1stal_2/
4,2022-03-07,Liella! 1stアルバム「What a Wonderful Dream!!」 フォト＆インタビュー① 唐 可可役・Liyuu,https://febri.jp/topics/llss_1stal_1/
4,2022-03-03,Febri RECOMMEND 大人になったアナタに優しい「名店」の味「怪人開発部の黒井津さん」,https://febri.jp/topics/febri-recommend_kuroitsusan/
4,2022-03-01,The Origins of Attack on Titan with Hajime Isayama and Shintaro Kawakubo,https://febri.jp/topics/attack-on-titan/
4,2022-02-25,オンエアから10年―― 「機動戦士ガンダムAGE」の挑戦を振り返る③,https://febri.jp/topics/gundam_age_10th_3/
4,2022-02-24,"キズナアイ ラストライブ直前インタビュー「Kizuna AI The Last Live hello, world 2022」に込めた想い",https://febri.jp/topics/kizunaai2/
4,2022-02-24,オンエアから10年―― 「機動戦士ガンダムAGE」の挑戦を振り返る②,https://febri.jp/topics/gundam_age_10th_2/
4,2022-02-24,プロデューサーが語る「フルーツバスケット－prelude－」ができるまで②,https://febri.jp/topics/fruba2/
4,2022-02-23,オンエアから10年―― 「機動戦士ガンダムAGE」の挑戦を振り返る①,https://febri.jp/topics/gundam_age_10th_1/
4,2022-02-22,プロデューサーが語る「フルーツバスケット－prelude－」ができるまで①,https://febri.jp/topics/fruba1/
4,2022-02-19,「グッバイ、ドン・グリーズ！」 監督・いしづかあつこインタビュー②,https://febri.jp/topics/gb_donglees2/
4,2022-02-18,「グッバイ、ドン・グリーズ！」 監督・いしづかあつこインタビュー①,https://febri.jp/topics/gb_donglees1/
4,2022-02-17,音響監督・清水洋史が語る アニメ「地球外少年少女」の音と演技②,https://febri.jp/topics/chikyugai_bg4/
4,2022-02-17,"「Kizuna AI The Last Live hello, world 2022」直前 キズナアイのインタビューを振り返る",https://febri.jp/topics/kizunaai1/
4,2022-02-15,音響監督・清水洋史が語る アニメ「地球外少年少女」の音と演技①,https://febri.jp/topics/chikyugai_bg3/
4,2022-02-12,ついに放送スタート！「デリシャスパーティ♡プリキュア」 菱川花菜×清水理沙×井口裕香 座談会,https://febri.jp/topics/dppr_1/
4,2022-02-11,Liyuu 1stアルバム「Fo(u)r YuU」フォト＆インタビュー③（全3回）,https://febri.jp/topics/liyuu_1stal_3/
4,2022-02-10,「中国アニメ」のイメージを塗り替える！「時光代理人 -LINK CLICK-」黒﨑静佳プロデューサーインタビュー②,https://febri.jp/topics/link-click2/
4,2022-02-09,Liyuu 1stアルバム「Fo(u)r YuU」フォト＆インタビュー②（全3回）,https://febri.jp/topics/liyuu_1stal_2/
4,2022-02-08,「中国アニメ」のイメージを塗り替える！「時光代理人 -LINK CLICK-」黒﨑静佳プロデューサーインタビュー①,https://febri.jp/topics/link-click1/
4,2022-02-07,Liyuu 1stアルバム「Fo(u)r YuU」フォト＆インタビュー①（全3回）,https://febri.jp/topics/liyuu_1stal_1/
4,2022-02-04,SK8 the Infinity: An Interview with Hiroko Utsumi and Akemi Hayashi (Part 2),https://febri.jp/topics/sk8-the-infinity2/
4,2022-02-04,SK8 the Infinity: An Interview with Hiroko Utsumi and Akemi Hayashi (Part 1),https://febri.jp/topics/sk8-the-infinity1/
4,2022-02-03,Febri RECOMMEND 今からでも「プラネテス」を見るべき理由とは？,https://febri.jp/topics/febri-recommend-planetes/
4,2022-02-03,Febri RECOMMEND 身近になった「未来の宇宙」を軽やかに描く「地球外少年少女」,https://febri.jp/topics/febri-recommend-chikyugai_bg/
4,2022-02-01,「地球外少年少女」 原作・監督・脚本 磯光雄×プロデューサー 岩瀬智彦 対談②,https://febri.jp/topics/chikyugai_bg2/
4,2022-01-28,「トロピカル～ジュ！プリキュア」最終回直前！ ファイルーズあい×日高里菜 対談②,https://febri.jp/topics/trpr_4_2/
4,2022-01-27,22年間の集大成「最遊記RELOAD -ZEROIN-」三蔵一行キャストインタビュー②,https://febri.jp/topics/saiyuki-rz_interview2/
4,2022-01-27,「地球外少年少女」 原作・監督・脚本 磯光雄×プロデューサー 岩瀬智彦 対談①,https://febri.jp/topics/chikyugai_bg1/
4,2022-01-26,「トロピカル～ジュ！プリキュア」最終回直前！ ファイルーズあい×日高里菜 対談①,https://febri.jp/topics/trpr_4_1/
4,2022-01-25,22年間の集大成「最遊記RELOAD -ZEROIN-」三蔵一行キャストインタビュー①,https://febri.jp/topics/saiyuki-rz_interview1/
4,2022-01-20,「ワンダーエッグ・プライオリティ」が特別なアニメだった理由③,https://febri.jp/topics/wep3/
4,2022-01-19,「ワンダーエッグ・プライオリティ」が特別なアニメだった理由②,https://febri.jp/topics/wep2/
4,2022-01-18,原作訳者・古川日出男に聞く アニメをより楽しむための「平家物語」ガイド③,https://febri.jp/topics/heike-monogatari_interview3/
4,2022-01-18,「ワンダーエッグ・プライオリティ」が特別なアニメだった理由①,https://febri.jp/topics/wep1/
4,2022-01-13,原作訳者・古川日出男に聞く アニメをより楽しむための「平家物語」ガイド②,https://febri.jp/topics/heike-monogatari_interview2/
4,2022-01-11,原作訳者・古川日出男に聞く アニメをより楽しむための「平家物語」ガイド①,https://febri.jp/topics/heike-monogatari_interview1/
4,2022-01-06,ホロライブEnglish 森カリオペ（Mori Calliope）INTERVIEW,https://febri.jp/topics/moricalliope-interview/
4,2022-01-06,「戦闘メカ ザブングル」40周年 湖川友謙インタビュー②,https://febri.jp/topics/xabungle_kogawa_interview_2/
4,2022-01-04,「戦闘メカ ザブングル」40周年 湖川友謙インタビュー①,https://febri.jp/topics/xabungle_kogawa_interview_1/
4,2021-12-30,泣けるファンタジーアニメ「王様ランキング」 監督・八田洋介インタビュー②,https://febri.jp/topics/osama_ranking2/
4,2021-12-30,オリジナルアニメ「空色ユーティリティ」オンエア直前！ 監督・斉藤健吾×絵コンテ・雨宮哲対談②,https://febri.jp/topics/sorairo_utility_2/
4,2021-12-29,harmoe 3rdシングル「アラビアン・ユートピアン」 フォト＆インタビュー 後編,https://febri.jp/topics/harmoe_3rd_3/
4,2021-12-28,泣けるファンタジーアニメ「王様ランキング」 監督・八田洋介インタビュー①,https://febri.jp/topics/osama_ranking1-2/
4,2021-12-28,オリジナルアニメ「空色ユーティリティ」オンエア直前！ 監督・斉藤健吾×絵コンテ・雨宮哲対談①,https://febri.jp/topics/sorairo_utility_1/
4,2021-12-27,harmoe 3rdシングル「アラビアン・ユートピアン」 フォト＆インタビュー 中編,https://febri.jp/topics/harmoe_3rd_2/
4,2021-12-24,harmoe 3rdシングル「アラビアン・ユートピアン」 フォト＆インタビュー 前編,https://febri.jp/topics/harmoe_3rd_1/
4,2021-12-21,「takt op.Destiny」のキャラクターメイキング LAMインタビュー②,https://febri.jp/topics/takt_op_destiny2/
4,2021-12-20,「takt op.Destiny」のキャラクターメイキング LAMインタビュー①,https://febri.jp/topics/takt_op_destiny1/
4,2021-12-16,ショートアニメ「でーじミーツガール」 丸紅茜アニメ制作への初挑戦②,https://febri.jp/topics/dejimeetsgirl2/
4,2021-12-14,ショートアニメ「でーじミーツガール」 丸紅茜アニメ制作への初挑戦①,https://febri.jp/topics/dejimeetsgirl/
4,2021-12-09,蒼のカーテンコール 最終章「ARIA The BENEDIZIONE」総監督・佐藤順一インタビュー②,https://febri.jp/topics/aria_the_benedizione_2/
4,2021-12-09,映画「フラ・フラダンス」 水島精二が語る「総監督のお仕事」③,https://febri.jp/topics/hula_fulladance_3/
4,2021-12-07,映画「フラ・フラダンス」 水島精二が語る「総監督のお仕事」②,https://febri.jp/topics/hula_fulladance_2/
4,2021-12-07,蒼のカーテンコール 最終章「ARIA The BENEDIZIONE」 総監督・佐藤順一インタビュー①,https://febri.jp/topics/aria_the_benedizione_1/
4,2021-12-02,映画「フラ・フラダンス」 水島精二が語る「総監督のお仕事」①,https://febri.jp/topics/hula_fulladance_1/
4,2021-11-30,プロデューサーに聞く「EUREKA／交響詩篇エウレカセブン ハイエボリューション」の世界②,https://febri.jp/topics/eureka-interview-2/
4,2021-11-25,映画「サマーゴースト」 監督・loundraw×脚本・安達寛高（乙一）対談③,https://febri.jp/topics/summergohst3/
4,2021-11-25,プロデューサーに聞く「EUREKA／交響詩篇エウレカセブン ハイエボリューション」の世界①,https://febri.jp/topics/eureka-interview-1/
4,2021-11-24,映画「サマーゴースト」 監督・loundraw×脚本・安達寛高（乙一）対談②,https://febri.jp/topics/summerghost2/
4,2021-11-23,映画「サマーゴースト」 監督・loundraw×脚本・安達寛高（乙一）対談①,https://febri.jp/topics/summergohst1/
4,2021-11-22,自主制作アニメ界の新星「高野交差点」伊藤瑞希（監督）×中田秀人（原案・脚本）対談②,https://febri.jp/topics/takano_intersection_2/
4,2021-11-18,自主制作アニメ界の新星「高野交差点」伊藤瑞希（監督）×中田秀人（原案・脚本）対談①,https://febri.jp/topics/takano_intersection_1/
4,2021-11-16,オンエアから5年―― 名作「ジョーカー・ゲーム」を監督・野村和也と振り返る②,https://febri.jp/topics/jokergame_2/
4,2021-11-11,オンエアから5年―― 名作「ジョーカー・ゲーム」を監督・野村和也と振り返る①,https://febri.jp/topics/jokergame_1/
4,2021-11-11,監督・大森貴弘に聞く「映画 すみっコぐらし 青い月夜のまほうのコ」の舞台裏②,https://febri.jp/topics/sumikko_mahou_2/
4,2021-11-09,監督・大森貴弘に聞く「映画 すみっコぐらし 青い月夜のまほうのコ」の舞台裏①,https://febri.jp/topics/sumikko_mahou_1/
4,2021-11-04,カウントダウンライブ開催！ ラブライブ！ シリーズ ３グループ 小林愛香×相良茉優×岬 なこ座談会②,https://febri.jp/topics/ll_3group_2/
4,2021-11-04,AI×ミュージカルのエンタメ作品「アイの歌声を聴かせて」 吉浦康裕×大河内一楼対談②,https://febri.jp/topics/ainouta2/
4,2021-11-02,AI×ミュージカルのエンタメ作品「アイの歌声を聴かせて」 吉浦康裕×大河内一楼対談①,https://febri.jp/topics/ainouta1/
4,2021-11-02,カウントダウンライブ開催！ ラブライブ！ シリーズ ３グループ 小林愛香×相良茉優×岬 なこ座談会①,https://febri.jp/topics/ll_3group_1/
4,2021-10-29,TVアニメ初・新ジャンルASMRに挑んだ「180秒で君の耳を幸せにできるか？」,https://febri.jp/topics/kimimimi/
4,2021-10-28,ラブライブ！虹ヶ咲学園スクールアイドル同好会 デビューから4thアルバムまでの軌跡 村上奈津実×指出毬亜×田中ちえ美 座談会②,https://febri.jp/topics/ll_nijigasaki_2/
4,2021-10-28,YouTubeで異彩を放つ癒やし系CM「スナックミーのりっす」って知ってる？,https://febri.jp/topics/snaqme/
4,2021-10-26,ラブライブ！虹ヶ咲学園スクールアイドル同好会 デビューから4thアルバムまでの軌跡 村上奈津実×指出毬亜×田中ちえ美 座談会①,https://febri.jp/topics/ll_nijigasaki_1/
4,2021-10-25,プロデューサーが語る「劇場版 抱かれたい男1位に脅されています。～スペイン編～」の魅力,https://febri.jp/topics/dakaretai-1st/
4,2021-10-21,「ラブライブ！スーパースター!!」幼なじみコンビ 澁谷かのん役・伊達さゆり×嵐 千砂都役・岬 なこ対談②,https://febri.jp/topics/llss_2/
4,2021-10-19,「ラブライブ！スーパースター!!」幼なじみコンビ 澁谷かのん役・伊達さゆり×嵐 千砂都役・岬 なこ対談①,https://febri.jp/topics/llss_1/
4,2021-10-14,個人制作から商業作品のフィールドへ 気鋭のアニメーション作家・谷耀介監督インタビュー②,https://febri.jp/topics/kawasaki_keiba_pr_2/
4,2021-10-14,TVアニメスタート！ 先輩がうざい後輩の話 原作者・しろまんたインタビュー②,https://febri.jp/topics/senpaigauzai-kouhainohanashi2/
4,2021-10-12,TVアニメスタート！ 先輩がうざい後輩の話 原作者・しろまんたインタビュー①,https://febri.jp/topics/senpaigauzai-kouhainohanashi1/
4,2021-10-12,川崎競馬がPRアニメを製作 気鋭のアニメーション作家・谷耀介監督インタビュー①,https://febri.jp/topics/kawasaki_keiba_pr_1/
4,2021-10-12,アニメでよみがえる「兄弟」の物語「NIGHT HEAD 2041」 飯田譲治インタビュー③,https://febri.jp/topics/nighthead2041_interview3/
4,2021-10-11,映画「神在月のこども」 スタッフが語る波乱万丈の制作秘話②,https://febri.jp/topics/kamiari_kodomo_2/
4,2021-10-08,映画「神在月のこども」 スタッフが語る波乱万丈の制作秘話①,https://febri.jp/topics/kamiari_kodomo_1/
4,2021-10-07,アニメでよみがえる「兄弟」の物語「NIGHT HEAD 2041」 飯田譲治インタビュー②,https://febri.jp/topics/nighthead2041_interview2/
4,2021-10-05,アニメでよみがえる「兄弟」の物語「NIGHT HEAD 2041」 飯田譲治インタビュー①,https://febri.jp/topics/nighthead2041_interview1/
4,2021-09-30,プリンセス・プリンシパル Crown Handler 第2章 監督・橘正紀インタビュー 後編,https://febri.jp/topics/pripri_ch2_2/
4,2021-09-30,現代社会の闇に切り込む新感覚ホラー「整形水」 チョ・ギョンフン監督インタビュー,https://febri.jp/topics/seikeisui_interview/
4,2021-09-28,プリンセス・プリンシパル Crown Handler 第2章 監督・橘正紀インタビュー 前編,https://febri.jp/topics/pripri_ch2_1/
4,2021-09-28,最終回直前！ Sonny Boyを解き明かす、夏目真悟監督各話コメンタリー②,https://febri.jp/topics/sonnyboy2/
4,2021-09-24,富山県美術館「富野由悠季の世界」展 富野由悠季×細田守 スペシャル対談③,https://febri.jp/topics/tomino-hosoda-taidan-3/
4,2021-09-23,最終回直前！ Sonny Boyを解き明かす、夏目真悟監督各話コメンタリー①,https://febri.jp/topics/sonnyboy1/
4,2021-09-21,「白い砂のアクアトープ」のキャラクターメイキング秘話 U35インタビュー,https://febri.jp/topics/aquatope1/
4,2021-09-17,富山県美術館「富野由悠季の世界」展 富野由悠季×細田守 スペシャル対談②,https://febri.jp/topics/tomino-hosoda-taidan-2/
4,2021-09-16,少女たちの「自立」を描く「岬のマヨイガ」 川面真也監督インタビュー②,https://febri.jp/topics/misakinomayoiga_interview2/
4,2021-09-15,「ふしぎの海のナディア展」東京会場開催記念 田中将賀×錦織敦史 ファントークセッション 後編,https://febri.jp/topics/nadia-fan-talk-session-2/
4,2021-09-14,少女たちの「自立」を描く「岬のマヨイガ」 川面真也監督インタビュー①,https://febri.jp/topics/misakinomayoiga_interview1/
4,2021-09-13,「ふしぎの海のナディア展」東京会場開催記念 田中将賀×錦織敦史 ファントークセッション 前編,https://febri.jp/topics/nadia-fan-talk-session-1/
4,2021-09-10,富山県美術館「富野由悠季の世界」展 富野由悠季×細田守 スペシャル対談①,https://febri.jp/topics/tomino-hosoda-taidan-1/
4,2021-09-09,中国アニメの新たな地平を開く「天官賜福」 黒﨑静佳プロデューサーインタビュー②,https://febri.jp/topics/tenkashifuku2/
4,2021-09-07,「ジョゼと虎と魚たち」Blu-ray＆DVD発売記念 タムラコータロー監督インタビュー③,https://febri.jp/topics/joseetora3/
4,2021-09-07,中国アニメの新たな地平を開く「天官賜福」 黒﨑静佳プロデューサーインタビュー①,https://febri.jp/topics/tenkanshifuku1/
4,2021-09-03,映画「サマーゴースト」特別展「花火と幽霊」開催記念 redjuice × loundraw トークセッション,https://febri.jp/topics/summerghost_exhibition/
4,2021-09-02,「ジョゼと虎と魚たち」Blu-ray＆DVD発売記念 タムラコータロー監督インタビュー②,https://febri.jp/topics/joseetora2/
4,2021-08-31,「ジョゼと虎と魚たち」Blu-ray＆DVD発売記念 タムラコータロー監督インタビュー①,https://febri.jp/topics/joseetora1/
4,2021-08-27,「トロピカル〜ジュ！プリキュア」特集（全3回） プロデューサー・村瀬亜季インタビュー,https://febri.jp/topics/trpr_3/
4,2021-08-26,SK∞ エスケーエイトの友情回を振り返る 監督・内海紘子×絵コンテ＆シーン演出・林明美対談②,https://febri.jp/topics/sk8%e2%80%902/
4,2021-08-25,「トロピカル〜ジュ！プリキュア」特集（全3回） シリーズ構成・横谷昌宏インタビュー,https://febri.jp/topics/trpr_2/
4,2021-08-24,映画クレヨンしんちゃん 謎メキ！花の天カス学園 監督・髙橋 渉×脚本・うえのきみこ対談,https://febri.jp/topics/shinchan-movie/
4,2021-08-24,上田麗奈 ニュー・アルバム「Nebula」 フォト＆インタビュー 後編,https://febri.jp/topics/ueda_reina_nebula_2/
5,2021-08-24,SK∞ エスケーエイトの友情回を振り返る 監督・内海紘子×絵コンテ＆シーン演出・林明美対談①,https://febri.jp/topics/sk8-1/
5,2021-08-23,『トロピカル〜ジュ！プリキュア』特集（全3回） キャラクターデザイン・中谷友紀子インタビュー,https://febri.jp/topics/trpr_1/
5,2021-08-19,歌姫100年の旅を振り返る 『Vivy』シリーズ構成・長月達平×梅原英司対談③,https://febri.jp/topics/vivy3/
5,2021-08-18,歌姫100年の旅を振り返る 『Vivy』シリーズ構成・脚本 長月達平×梅原英司対談②,https://febri.jp/topics/viy2/
5,2021-08-17,歌姫100年の旅を振り返る 『Vivy』シリーズ構成・脚本 長月達平×梅原英司対談①,https://febri.jp/topics/vivy1/
5,2021-08-17,上田麗奈 ニュー・アルバム『Nebula』 フォト＆インタビュー 前編,https://febri.jp/topics/ueda_reina_nebula_1/
5,2021-08-05,イシグロキョウヘイ監督が語る『サイダーのように言葉が湧き上がる』のヒミツ②,https://febri.jp/topics/ciderkotoba2/
5,2021-08-03,イシグロキョウヘイ監督が語る『サイダーのように言葉が湧き上がる』のヒミツ①,https://febri.jp/topics/ciderkotoba1/
5,2021-07-29,SSSS.DYNAZENON＆GRIDMANヒロインアーカイブ発売決定記念② 若山詩音＆安済知佳対談,https://febri.jp/topics/dynazenon2/
5,2021-07-28,書籍「改訂版 川村敏江 東映アニメーションプリキュアワークス」発売のお知らせ,https://febri.jp/topics/kawamura_precure_works/
5,2021-07-28,改訂版プリキュアワークス発売記念『HUGっと！プリキュア』川村敏江インタビュー,https://febri.jp/topics/kawamura_hug_comment/
5,2021-07-27,書籍「SSSS.DYNAZENON & GRIDMAN ヒロインアーカイブ」発売のお知らせ,https://febri.jp/topics/dynazenon-gridman-heroinearchive/
5,2021-07-27,SSSS.DYNAZENON＆GRIDMAN ヒロインアーカイブ 発売決定記念① 雨宮哲監督インタビュー,https://febri.jp/topics/dynazenon1/
5,2021-07-22,異色アニメ『オッドタクシー』はこうして作られた メインスタッフ座談会③,https://febri.jp/topics/oddtaxi3/
5,2021-07-21,異色アニメ『オッドタクシー』はこうして作られた メインスタッフ座談会②,https://febri.jp/topics/oddtaxi2/
5,2021-07-20,異色アニメ『オッドタクシー』はこうして作られた メインスタッフ座談会①,https://febri.jp/topics/oddtaxi1/
5,2021-07-15,青森県立美術館「富野由悠季の世界」展 特別対談 富野由悠季×樋口真嗣③,https://febri.jp/topics/tomino-higuchi-3/
5,2021-07-14,青森県立美術館「富野由悠季の世界」展 特別対談 富野由悠季×樋口真嗣②,https://febri.jp/topics/tomino-higuchi-2/
5,2021-07-13,青森県立美術館「富野由悠季の世界」展 特別対談 富野由悠季×樋口真嗣①,https://febri.jp/topics/tomino-higuchi-1/
5,2021-07-08,Thunderbolt Fantasy 東離劍遊紀3 虚淵玄ロングインタビュー③,https://febri.jp/topics/thunderbolt-fantasy3_interview3/
5,2021-07-07,Thunderbolt Fantasy 東離劍遊紀3 虚淵玄ロングインタビュー②,https://febri.jp/topics/thunderbolt-fantasy3_interview2/
5,2021-07-06,はめふらX カタリナ役・内田真礼インタビュー,https://febri.jp/topics/hamehurax/
5,2021-07-06,Thunderbolt Fantasy 東離劍遊紀3 虚淵玄ロングインタビュー①,https://febri.jp/topics/thunderbolt-fantasy3_interview1/
5,2021-07-05,Thunderbolt Fantasy 東離劍遊紀3 新キャラクターデザイナーコメント,https://febri.jp/topics/thunderbolt-fantasy-character-comment/
5,2021-07-01,Thunderbolt Fantasy 西幽玹歌 虚淵玄インタビュー,https://febri.jp/topics/thunderbolt_fantasy_gaiden2/
5,2021-06-24,『のんのんびより』コミック＆TVアニメ完結記念 原作者・あっと＆川面真也監督対談②,https://febri.jp/topics/nonnonbiyori_interview_2/
5,2021-06-22,『のんのんびより』コミック＆TVアニメ完結記念 原作者・あっと＆川面真也監督対談①,https://febri.jp/topics/nonnonbiyori_interview_1/
5,2021-06-21,機動戦士ガンダム 閃光のハサウェイ特集（全5回） 監督・村瀬修功インタビュー②,https://febri.jp/topics/gundam_hathaway_5/
5,2021-06-18,機動戦士ガンダム 閃光のハサウェイ特集（全5回） 監督・村瀬修功インタビュー①,https://febri.jp/topics/gundam_hathaway_4/
5,2021-06-17,劇場版 少女☆歌劇 レヴュースタァライト 監督・古川知宏インタビュー③,https://febri.jp/topics/starlight_director_interwiew_3/
5,2021-06-16,劇場版 少女☆歌劇 レヴュースタァライト 監督・古川知宏インタビュー②,https://febri.jp/topics/starlight_director_interwiew_2/
5,2021-06-16,機動戦士ガンダム 閃光のハサウェイ特集（全5回） 音楽・澤野弘之インタビュー②,https://febri.jp/topics/gundam_hathaway_3/
5,2021-06-15,MARS RED 美術監督・加藤 浩＆坂上裕文インタビュー,https://febri.jp/topics/marsred_art_interview/
5,2021-06-15,劇場版 少女☆歌劇 レヴュースタァライト 監督・古川知宏インタビュー①,https://febri.jp/topics/starlight_director_interview_1/
5,2021-06-14,機動戦士ガンダム 閃光のハサウェイ特集（全5回） 音楽・澤野弘之インタビュー①,https://febri.jp/topics/gundam_hathaway_2/
5,2021-06-10,機動戦士ガンダム 閃光のハサウェイ特集（全5回） ハサウェイ・ノアと宇宙世紀,https://febri.jp/topics/gundam_hathaway_1/
5,2021-06-03,コロナ禍でもオタ活しながら生きていきたい④ 同人誌ロスの危機〈後編〉,https://febri.jp/topics/otakatsu4/
5,2021-06-01,コロナ禍でもオタ活しながら生きていきたい③ 同人誌ロスの危機〈前編〉,https://febri.jp/topics/otakatsu3/
5,2021-05-25,社会人オタク教養学 クトゥルフ神話③,https://febri.jp/topics/otaku_cthulhu_3/
5,2021-05-13,社会人オタク教養学 クトゥルフ神話②,https://febri.jp/topics/otaku_cthulhu_2/
5,2021-05-11,社会人オタク教養学 クトゥルフ神話①,https://febri.jp/topics/otaku_cthulhu_1/
5,2021-04-29,孤独を感じたときに読むマンガ⑥ オンノジ,https://febri.jp/topics/kodoku_6/
5,2021-04-29,孤独を感じたときに読むマンガ⑤ ぼっち旅,https://febri.jp/topics/kodoku_5/
5,2021-04-27,孤独を感じたときに読むマンガ④ ぷらせぼくらぶ,https://febri.jp/topics/kodoku_4/
5,2021-04-27,孤独を感じたときに読むマンガ③ ご飯は私を裏切らない,https://febri.jp/topics/kodoku_3/
5,2021-04-26,NOMAD メガロボクス２ 森山監督＆藤吉プロデューサーインタビュー,https://febri.jp/topics/megalobox2_interview/
5,2021-04-22,孤独を感じたときに読むマンガ② ベルリンうわの空,https://febri.jp/topics/kodoku_manga_1-1/
5,2021-04-22,孤独を感じたときに読むマンガ① 夜とコンクリート,https://febri.jp/topics/kodoku_1/
5,2021-04-20,TVアニメ『約束のネバーランド Season 2』EDメイキング ～紺野大樹の世界②～,https://febri.jp/topics/konnotaiki_02/
5,2021-04-19,TVアニメ『炎炎ノ消防隊』EDメイキング ～紺野大樹の世界①～,https://febri.jp/topics/konnotaiki_01/
5,2021-04-09,『進撃の巨人』の原点 諫山創×川窪慎太郎 ロング対談,https://febri.jp/topics/shingeki_interview/
5,2021-04-08,人気VTuber Gawr Gura（サメちゃん）世界最速INTERVIEW,https://febri.jp/topics/gawrgura0408/
5,2021-04-07,言の葉の庭 美術画集発売記念②滝口比呂志インタビュー,https://febri.jp/topics/kotonohanoniwa02/
5,2021-04-06,書籍「新海誠監督作品 言の葉の庭 美術画集」発売のお知らせ,https://febri.jp/topics/kotonohanoniwa/
5,2021-04-05,言の葉の庭 美術画集発売記念①新海 誠インタビュー,https://febri.jp/topics/kotonohanoniwa01/
5,2021-04-01,SK∞ エスケーエイト 監督・内海紘子インタビュー②,https://febri.jp/topics/sk8-0401/
5,2021-03-30,ひぐらしのなく頃に業 監督・川口敬一郎インタビュー,https://febri.jp/topics/higurashianime_director_interview/
5,2021-03-30,SK∞ エスケーエイト 監督・内海紘子インタビュー①,https://febri.jp/topics/sk8-0330/
5,2021-03-25,コロナ禍でもオタ活しながら生きていきたい②,https://febri.jp/topics/otakatsu2/
5,2021-03-23,社会人オタク教養学 シャーロック・ホームズ③,https://febri.jp/topics/otaku_sherlock_3-846/
5,2021-03-23,ひぐらしのなく頃に業 原作・竜騎士07インタビュー,https://febri.jp/topics/higurashianime/
5,2021-03-18,社会人オタク教養学 シャーロック・ホームズ②,https://febri.jp/topics/otaku_sherlock_2-89/
5,2021-03-16,社会人オタク教養学 シャーロック・ホームズ①,https://febri.jp/topics/otaku_sherlock_1/
5,2021-03-16,総再生回数1億超え。SNSで話題の中国アニメ『万聖街』,https://febri.jp/topics/allsaintsstreet/
5,2021-03-16,コロナ禍でもオタ活しながら生きていきたい①,https://febri.jp/topics/otakatsu1/
5,2021-03-16,書籍「改訂版 高橋 晃 東映アニメーションプリキュアワークス」発売のお知らせ,https://febri.jp/topics/takahashi_precure_works/
